100001,Binky,Haulkham,4391510399,Kim,35033,65922,Ccuntuma,M,1996-11-21
100002,Hayward,Beretta,4031393566,Jenifer,334,59280,That Phanom,M,1987-03-29
100003,Deeanne,Lewson,5931481715,Laurel,56674,14807,Bebandem,F,2000-04-11
100004,Rosina,Szimoni,5762281421,Butternut,44526,63634,Lluchubamba,F,1983-06-13
100005,Felicle,Dur,8979369970,Sachs,721,95457,Al ‘Awjā,F,1992-03-07
100006,Elnora,Duckels,2713243234,Farwell,84333,86168,Bengras,F,1980-10-21
100007,Arny,Garvagh,3694340072,Shoshone,994,70048,Jales,M,1990-04-03
100008,Aggie,Stoute,5196386645,Glendale,17341,45687,Titiakar,F,1983-05-10
100009,Chryste,Magne,5768423565,Paget,8325,47092,Qujiang,F,1981-09-14
100010,Seth,Dumbarton,3808735843,Sheridan,8,70330,Polanica-Zdrój,M,1985-01-24
100011,Woodrow,Le Teve,1056320361,Scoville,4,65868,Tampere,M,1978-11-06
100012,Frankie,Mainson,9641021383,Roth,9,25535,Ben Arous,F,1981-09-29
100013,Delmore,Stables,8012739710,Randy,74,80380,Guanagazapa,M,1982-09-05
100014,Arin,Shildrake,6043476214,Delaware,71034,95938,Quarteira,M,1986-04-13
100015,Cassius,Brobeck,6504115961,Colorado,08289,96137,Argentan,M,1976-07-30
100016,Madison,Vacher,8977672395,Stoughton,6,25068,Chenguang,M,1997-12-22
100017,Chicky,Garci,6656713362,Summer Ridge,225,87134,Mae Charim,M,1975-10-03
100018,Deena,Lanning,3082067988,Schmedeman,298,57919,Castelo de Vide,F,1994-03-10
100019,Stearne,Gadaud,6809096502,Jenifer,3274,23439,Koppies,M,1990-09-05
100020,Fowler,Brearty,5929952825,Scoville,6338,44505,Rzhev,M,1994-10-09
100021,Brina,Moppett,2773444289,Trailsway,9795,96703,Manutapen,F,1970-06-27
100022,Sammie,Dive,8533228348,Rigney,1166,63971,Hwaseong-si,M,1971-11-15
100023,Mozelle,Augur,9742030182,Miller,2,60027,Gīdolē,F,1995-09-04
100024,Hyacinthie,Jeffs,8346680455,Fulton,9268,50908,Garzón,F,1971-02-17
100025,Alec,Sheerman,5248589735,Center,51,93773,Gal’bshtadt,M,1993-04-14
100026,Sammy,Jain,6367202394,Mallory,74647,39213,Zhendu,M,1974-10-03
100027,Wilmar,Creggan,3658854466,Fremont,76705,61313,Laojunpo,M,1978-07-17
100028,Roselia,D'Hooghe,8483935922,Reindahl,7,74795,Al Karāmah,F,1970-12-13
100029,Geoffrey,Emanson,3917714454,Oak,75294,66921,Vilcún,M,1973-06-29
100030,Aryn,Gladdin,7249401792,Vidon,14,31760,Mama,F,1979-06-04
100031,Mahmoud,Cossam,2113234911,Commercial,2,11367,Hexi,M,1982-08-02
100032,Kristyn,Trevna,7531948503,Homewood,69,12180,Ore,F,1983-05-08
100033,Fredelia,Pellatt,4049081499,Karstens,7222,99938,Las Heras,F,1974-07-31
100034,Eberhard,Tebald,8607545901,Bluestem,3168,58185,Wamba,M,1990-05-02
100035,Kermit,Purver,6684174029,Crescent Oaks,863,68815,Mayahi,M,2000-03-20
100036,Leanna,Kensley,9502025211,Oxford,2014,82163,Yong’an,F,1997-06-13
100037,Pooh,Twell,9798818776,Jay,1,10750,Unanu,F,1976-08-16
100038,Shurlock,Krystof,9767730411,Oak,205,94336,Krajan Gading,M,1999-11-02
100039,Annnora,Grimmolby,4757040533,Raven,7,16786,Yantang,F,1977-12-01
100040,Roanna,Sybry,3591969562,Crowley,5,93288,Shinao,F,1977-06-24
100041,Elsworth,Cancellario,3082229476,Chinook,0906,51694,Guarumal,M,1980-11-08
100042,Wit,Boreland,7036611414,Cordelia,97066,21455,Xingxi,M,1976-11-11
100043,Dieter,Cosgrive,9052827739,Ridge Oak,4875,53286,Riga,M,1986-07-15
100044,Pierson,Kingdom,8588235338,Longview,52,47237,Teseney,M,2001-01-12
100045,Letta,Oxshott,9253135946,Service,76583,25647,Ōmura,F,1970-11-09
100046,Levon,Wigan,5771832249,Acker,49183,33791,Long’anqiao,M,1989-04-21
100047,Worthington,Olivia,3771784160,Forest,2,24623,Montpellier,M,2001-12-12
100048,Merrill,Ganiclef,6069233545,Center,57787,82181,Kao Liao,F,1983-01-15
100049,Joyann,Adrianello,1146431197,Texas,4935,63266,Aţ Ţaybah,F,1979-01-27
100050,Aubrey,Fudge,5088389725,Ludington,00636,17239,Canillo,F,2000-09-23
100051,Vasilis,Blades,8476615558,Reinke,86,58699,Itapemirim,M,1986-01-29
100052,Jenilee,MacPherson,1298689088,Ridgeview,63,20523,Staré Křečany,F,1981-08-29
100053,Enrique,Grigori,1148815522,Daystar,638,42015,Juexi,M,2001-09-24
100054,Cherin,Pacher,8042336632,Weeping Birch,8,14840,Guojiaba,F,1988-10-10
100055,Benji,Emlin,8118680722,Corry,48394,92156,Fushun,M,2000-11-03
100056,Margi,Routham,9804842331,Delladonna,57407,59923,Amga,F,1992-08-24
100057,Galen,Shearer,5513321442,Londonderry,30526,48675,Heerlen,M,1972-02-23
100058,Janean,Crumbleholme,9091713600,Bartillon,6,76503,Charlton,F,1991-06-28
100059,Karylin,Shipston,1678020379,Sutteridge,4296,38825,Dąbrowice,F,1990-05-07
100060,Dud,Whitters,8883668353,Northview,346,30844,Chong’ansi,M,1985-09-14
100061,Hendrick,Broddle,1836341550,Calypso,15,23475,Śniadowo,M,1976-04-21
100062,Sherlock,Sissel,6413799529,Autumn Leaf,3427,90899,Songyuan,M,1972-02-23
100063,Crin,Lowde,8112844111,Bellgrove,8035,72359,Fushëkuqe,F,1978-05-21
100064,Chandra,Kavanagh,9037253406,Oriole,821,18231,Mucumpiz,F,1999-04-23
100065,Cindie,Hamlett,5829559259,Kennedy,9,31666,Cocabamba,F,1996-03-03
100066,Bernardo,Jeafferson,1131433197,Dexter,3482,99539,Bobowa,M,1989-06-04
100067,Ros,MacNelly,7222057028,Artisan,84,87111,Xiluodu,F,2000-05-19
100068,Jeffrey,Hollidge,4627011215,1st,709,99856,Kitami,M,1970-12-16
100069,Sarine,M'cowis,8669038833,Glacier Hill,12071,51836,Ljubovija,F,1978-06-07
100070,Stephanie,Ruse,2293891138,Scofield,4263,20520,Žebrák,F,2000-09-08
100071,Daveen,Kingsly,5554542338,Moland,7,82836,Ai Tu,F,1971-06-23
100072,Janene,Nibley,1165609170,Stone Corner,25,38798,Salzburg,F,1980-02-13
100073,Rhona,Alen,4681099629,Shoshone,1859,35239,Ibeto,F,1980-12-29
100074,Hewet,Reeday,3716064671,Maple,7,78574,Pagatin,M,1995-05-01
100075,Denna,Glenn,2567903082,Springview,375,54660,Yanmen,F,1972-02-01
100076,Putnam,Cornish,2394419652,Village,8,45586,Colegiales,M,1982-12-30
100077,Dorette,Stallwood,5473937302,Donald,49,47274,Raejeru,F,1971-12-07
100078,Lorenzo,Jimmison,7362454312,Dunning,903,97966,Valladolid,M,2001-02-22
100079,Dave,Scurrell,8474495756,Mockingbird,73547,80413,Nancheng,M,1980-02-28
100080,Dana,Marquiss,1997920187,Holy Cross,5339,10452,Huocheng,F,1991-11-15
100081,Lombard,Stocky,5861512270,1st,2,36543,Cabarroguis,M,1973-01-14
100082,Royall,Boseley,6226932408,Vermont,49506,55561,Menongue,M,1973-05-27
100083,Francklin,Waltering,2402242383,Quincy,17474,12809,Tavira,M,1978-09-29
100084,Lorita,Leates,6779844806,Little Fleur,3,18658,Rajūzah,F,1992-03-08
100085,Ammamaria,Wookey,5363616957,Hollow Ridge,2,84669,Aubagne,F,1985-10-27
100086,Bronnie,Darree,1846472703,Norway Maple,5,18904,Aradac,M,1977-04-19
100087,Brandea,Skydall,6634009783,Jay,473,41925,At Taḩālif,F,1980-11-25
100088,Vinnie,Tennet,6377761060,Fairfield,56,59464,Xinkaikou,M,1992-02-06
100089,Fabe,Zanicchelli,9604788022,3rd,5,88380,Nikol’skoye,M,1985-06-02
100090,Ivor,Kos,7665294206,Walton,34155,28966,Wuxue Shi,M,1997-01-31
100091,Mead,Jiran,3453035955,Graedel,5,77487,Trąbki Wielkie,F,1976-02-19
100092,Rubetta,Wallas,3519361748,Fieldstone,47,89496,Changyi,F,1992-07-19
100093,Midge,Tukely,8756646321,Carioca,7295,69539,Delvinë,F,2001-11-01
100094,Lilyan,Norree,7199996607,Muir,75,43615,Westport,F,1997-11-09
100095,Florencia,Vigers,7038137602,Trailsway,2671,58468,Matsena,F,1990-04-26
100096,Marie-jeanne,Cleere,1094195351,Sloan,0,10951,Ete,F,1983-12-15
100097,Golda,Goalby,7987220701,Utah,14531,77068,Biscucuy,F,1977-06-26
100098,Pietrek,Ferroli,8848629795,Center,6,77136,Heshang,M,1979-04-18
100099,Janek,Janas,9414974810,Mariners Cove,5,40471,Vermil,M,1998-01-05
100100,Phoebe,Dumpleton,8018115218,Oak,4293,74099,Qingshuihe,F,1971-04-25
100101,Ripley,Hasley,5161417921,Porter,46,38139,Qufu,M,1986-11-21
100102,Paddy,Pfaff,2412173900,Melvin,5326,86484,Delareyville,M,1988-05-26
100103,Honey,Kohrs,3988231370,Duke,79760,88885,Zhufo,F,1982-10-12
100104,Lorene,Gagie,9259466291,Fuller,5526,64715,Espinheira,F,1982-09-28
100105,Boyd,Maestrini,4287622159,Briar Crest,364,60551,Songshan,M,1997-01-03
100106,Ethelred,McKeon,9061054379,Claremont,156,63810,Yelizovo,M,1997-12-15
100107,Shay,Kroll,4613708741,Hoepker,9248,13498,Kamal,M,1975-07-11
100108,Honoria,Wipper,4827323957,Prairie Rose,6786,66511,Pawili,F,1983-03-30
100109,Bea,Grimwood,4968907010,Beilfuss,89,36679,Colima,F,1980-10-17
100110,Boycey,Mudge,1017634673,Hagan,34,47405,Weixin,M,1975-03-03
100111,Lucky,Ninnis,8969098757,Gina,85143,63795,Tamaki,F,1985-05-25
100112,Stevena,Denness,7339487449,Oneill,54864,12163,Erbil,F,1986-05-01
100113,Hall,Cleobury,3632055840,Hagan,8989,39211,Nerekhta,M,1971-12-22
100114,Rhea,Gleave,5428039837,Mesta,599,12941,Balsas,F,1994-09-19
100115,Tansy,Membry,7994814616,Northfield,087,32608,Kozje,F,1999-09-21
100116,Karen,Losebie,2292374045,Elgar,69,46335,Srunikrajan,F,1997-12-05
100117,Melisenda,Proswell,6523242863,Hoepker,6,84959,Al Khafjī,F,1988-05-04
100118,Neely,Boggs,3623006569,Macpherson,937,83484,Icó,F,1990-09-27
100119,Michael,Staines,2301877966,Artisan,6393,18322,Vulcan,M,1997-03-15
100120,Darrin,Fonzo,7447430865,Kinsman,4489,55166,La Cruz,M,1998-12-12
100121,Xymenes,Calfe,3343291626,Waywood,32,71885,Mérignac,M,1985-12-15
100122,Lacey,Mordan,9294910869,Judy,70,46043,Irupi,F,1976-11-22
100123,Risa,Rabjohns,8104988637,Manufacturers,3,59761,Kristianstad,F,1980-08-16
100124,Isabeau,Latour,1702012953,Green,5399,11423,Łubowo,F,1994-11-12
100125,Lilia,Pfeffle,4855152889,Surrey,6093,92577,Huillapima,F,1984-09-07
100126,Cymbre,Whorton,3391266208,Randy,73,56156,Tha Ruea,F,1994-08-17
100127,Stan,Hannaway,8694676477,Everett,79578,43105,Hendala,M,1988-01-13
100128,Adelind,Gallehock,3701934681,Milwaukee,0784,72309,Chemodanovka,F,1988-05-11
100129,Dalis,Lownes,1183793458,Michigan,8,89472,Iberia,M,1985-10-22
100130,Esra,Wessell,6265974210,Helena,2,65928,Komyshany,M,2001-09-06
100131,Atlante,Dryden,4764830849,Schlimgen,70,54128,Umm Kaddadah,F,1987-01-13
100132,Gabriel,Ioselevich,8593135769,Merrick,99530,54868,Agodim,F,1991-06-20
100133,Megen,Cringle,1255621731,Buena Vista,06,40148,Phanna Nikhom,F,1974-01-28
100134,Ansel,Shillitoe,9028376567,Prairieview,6,24912,Chotcza,M,1987-01-03
100135,Valencia,Krimmer,3805562848,Pierstorff,571,82461,Stockholm,F,2000-12-31
100136,Dallon,Diehn,7829347501,Lakeland,9,13090,Cache Creek,M,1990-08-28
100137,Beaufort,Clohessy,7293712610,Hagan,480,71799,Zhuhe,M,1994-06-20
100138,Tymothy,Earl,3553854452,Mitchell,62,17881,Hexiangqiao,M,1986-06-20
100139,Gayle,Rapelli,8912670865,Glacier Hill,48745,80908,Talisay,M,2001-03-13
100140,Winnie,Pargent,4495733635,Eagle Crest,78,40682,Abiko,F,1996-12-27
100141,Ambrosi,McColl,9191373064,Steensland,3,36312,Vienne,M,1999-12-18
100142,Aharon,Twist,3706556585,Service,6,27961,Firavitoba,M,1990-07-03
100143,Meagan,Oxbe,8919615929,Merrick,3600,66274,Liquica,F,1970-12-26
100144,Whit,Scrivner,2382116948,Waywood,36,16776,Mene de Mauroa,M,1994-01-28
100145,Reinald,Hext,5306844416,Morningstar,5,24468,Chashan,M,1976-05-19
100146,Alessandra,Lark,8552944987,Helena,6318,60846,Lugui,F,1978-11-13
100147,Lisle,Tyght,9511374912,Merchant,0,16280,Tomari,M,1988-08-10
100148,Murdock,McCorry,8012124814,Dottie,2,15567,Artemisa,M,1973-10-25
100149,Val,Gilbert,4411386689,Forest Run,137,65302,Ngori,M,1972-02-02
100150,Brander,Hadkins,6898608681,Golden Leaf,00,88836,Baiqi,M,1977-04-07
100151,Elisabet,Rothery,6856338863,Hanover,67254,82133,Istaravshan,F,1993-10-17
100152,Rollin,Gouch,9253619247,Melby,3521,49955,Rawa Mazowiecka,M,1999-11-07
100153,Greta,Remon,1868571677,Ohio,1432,52451,Qal‘eh Ganj,F,1988-09-08
100154,Kalina,Goldis,8358907958,Cottonwood,8260,98625,Komatsu,F,1985-03-30
100155,Roderic,Vowells,9177326336,Amoth,86,45729,Banjar Dauhmargi,M,1998-08-16
100156,Sybila,Bushnell,5234379971,Utah,271,29174,Trondheim,F,1982-05-12
100157,Rosa,Jory,3636948088,Weeping Birch,50,58582,Caminaca,F,1984-10-08
100158,Winston,Borth,8797686092,Dakota,124,39812,Nam Phong,M,1971-02-10
100159,Duncan,Youd,3663843838,Cascade,58758,88593,Nongoma,M,1972-02-05
100160,Gail,Miko,8574731370,Kingsford,51105,16006,Liangshan,M,1992-09-30
100161,Kerrill,Fardon,3928653989,Monica,91,82261,Krásná Hora nad Vltavou,F,1979-04-17
100162,Charley,Ingolotti,9551892463,Vera,01,96791,Lorient,M,1986-07-24
100163,Lynsey,Ellerington,7957267697,Goodland,75135,63862,Liuzuo,F,1989-03-11
100164,Gunter,Reade,7942790918,Muir,22,83686,Comallo,M,1988-12-22
100165,Della,Spira,5564623314,Pankratz,9628,54367,Shipaidong,F,1986-06-14
100166,Rozina,Dumberrill,4248271430,Manley,2695,41368,Неготино,F,2000-07-05
100167,Kitty,Buffin,4652176085,Corben,36214,92760,Antipolo,F,2000-12-28
100168,Philip,Allum,9705462189,Canary,2346,60415,Przybiernów,M,1986-01-20
100169,Booth,Ettritch,5935583325,Rockefeller,79,72897,Nangxian,M,1970-09-14
100170,Xylia,Matteris,2758578602,Bluestem,15,62041,Jindong,F,1980-12-14
100171,Manfred,McKomb,1123210377,Sycamore,3,12944,Sangumata,M,1990-06-17
100172,Nickola,Basso,7085286822,Amoth,31,86135,Kebloran,M,1981-12-14
100173,Nissa,Warrack,3068281180,Rowland,31,70406,Tibakisa,F,1993-06-13
100174,Gerhardt,Mountlow,2462114409,Buhler,546,24556,Laoliangcang,M,2000-01-12
100175,Jodee,Stanbrooke,8919337903,Mockingbird,00,36046,Boende,F,1983-10-03
100176,Garvey,Duffet,1326849456,Debra,0565,95656,Nanfeng,M,1977-12-08
100177,Rhiamon,McPharlain,1135696927,Forest Run,54,73058,Talas,F,1994-12-06
100178,Waite,Paolini,8364581586,Mallory,52,80216,Clermont-Ferrand,M,1985-10-12
100179,Pier,Dwine,2625742234,Katie,45840,79323,Mercedes,F,1982-09-10
100180,Care,Dominey,2706102575,Iowa,03560,47704,Trzebieszów,M,1989-08-27
100181,Piotr,MacNeilley,9151157586,Boyd,47198,65395,Ungheni,M,1978-10-14
100182,Lyda,Thickins,4596258473,Stuart,4357,42538,Jabon,F,1993-05-21
100183,Ninetta,Alwen,5119550177,West,45337,14476,Nueve de Julio,F,1986-07-28
100184,Iver,Jaffra,5121993817,Ridge Oak,6,34448,Enshi,M,1995-11-03
100185,Vittoria,Jopke,1425785112,Butterfield,9541,18378,Qingkou,F,1998-01-10
100186,Jasmina,Giacopazzi,4503599735,Evergreen,87492,39595,Néos Oropós,F,2000-10-09
100187,Jorrie,Toal,4718838791,Larry,2684,40996,Berekum,F,1979-11-22
100188,Meagan,Parton,5781517959,Lukken,6,67350,Malaga,F,1999-07-19
100189,Florrie,Hurnell,5314058909,Springs,76,87675,Dasha,F,1972-03-26
100190,Ulrikaumeko,Blackhall,4844509499,East,13,43203,Ocho Rios,F,1973-08-22
100191,Gorden,Steffans,1463369591,Schmedeman,44446,97864,Barra Bonita,M,1972-12-02
100192,Raul,Farquarson,9539048798,Carpenter,39662,14038,Bacabal,M,1998-11-13
100193,Cordie,Rivalland,9558844119,Mendota,29808,55276,Cibinong,M,1993-12-10
100194,Winonah,Hardeman,9721427891,Drewry,12339,93562,Pont-à-Mousson,F,1992-08-24
100195,Howard,Chatburn,1833355811,Logan,2406,13899,Ifon,M,1991-05-11
100196,Marco,Middle,7158239663,Hintze,576,94250,Beoga,M,1997-04-25
100197,Muffin,Annell,5959332564,Eggendart,026,89628,Wenquan,M,2001-04-16
100198,Marley,McAlpin,6475751802,Sutherland,636,68515,Chengmen,F,1984-02-06
100199,Melva,Mallia,2908045635,Arkansas,2430,31433,Sölvesborg,F,1989-08-20
100200,Harlin,Pietrusiak,1417986165,Bayside,0,30951,Lavadorinhos,M,1982-07-25
100201,Chester,Napthine,1216171485,Debra,1,23609,Magdalena,M,1990-10-28
100202,Saul,Shire,9407809002,2nd,657,39006,Lamas,M,1980-05-29
100203,Margi,Bomb,6637725853,Banding,7,95176,Perho,F,1998-10-20
100204,Anne,Hastie,7416668458,Thackeray,64312,32878,Łopuszna,F,1995-10-12
100205,Thain,Ohlsen,8819734058,Mallard,643,44573,Cihurip Satu,M,1986-04-16
100206,Edyth,Dumblton,7124413324,East,0,57919,San Esteban,F,1989-03-14
100207,Sissy,Oppie,9088561820,Kedzie,1,64427,Cigaluh,F,1991-07-14
100208,Felic,Thornbarrow,8279097380,Ludington,51,84070,Oslo,M,1973-07-03
100209,Lion,Bolding,7868641919,Lakewood Gardens,91,66477,Xiguantun Muguzu Manzuxiang,M,1994-11-24
100210,Kristel,McFaell,4782748834,Lerdahl,9,51507,Erjiegou,F,1972-09-03
100211,Kelvin,Rottgers,8364373215,Russell,6459,70133,Chengguan,M,1978-02-01
100212,Nicole,Cappel,2073524620,Anthes,4886,38383,Zhouxi,F,1987-10-15
100213,Jerrie,Faulo,4871459851,Fair Oaks,291,84953,Genova,F,1992-01-02
100214,Jerome,McKall,1141389705,Gerald,3,38693,Kaliuling,M,1981-06-26
100215,Caldwell,Graddell,6441343990,Buell,22,15346,Ashton,M,1986-06-30
100216,Nathanial,Eyden,3578863103,Texas,219,15683,Nioki,M,1998-05-25
100217,Con,Keasley,5607184172,Veith,44900,36035,Calbuco,M,1984-08-04
100218,Charlton,Ingledow,7419221523,Transport,0673,63895,Xinmin,M,1972-05-01
100219,Sammy,Raggles,3533193565,Texas,88,23638,Mogadishu,F,1980-06-02
100220,Riley,Hutcheon,5739635830,Lillian,838,48404,Az Zāhir,M,1973-06-30
100221,Ardelia,Yacob,8403907191,Tennessee,584,16364,Miechów Charsznica,F,1970-08-13
100222,Karita,Pendreigh,2606983628,Scoville,0488,51527,Prince Albert,F,1977-04-07
100223,Iggy,Targetter,4567871854,Comanche,86,50971,‘Anīn,M,1981-01-07
100224,Marcel,McLucas,7565727721,Rockefeller,23163,50275,Cotaparaco,M,1987-04-30
100225,Benny,Hellmore,5877680305,Randy,0707,89304,Heling,M,1994-11-13
100226,Clerkclaude,Ebbage,8964416144,2nd,402,61763,Ōami,M,1991-11-03
100227,Dynah,Kells,4932842001,Surrey,70,19517,Velyka Oleksandrivka,F,1986-03-20
100228,Emory,Van der Brug,7383182722,Green,40,63986,Obrera,M,1998-10-11
100229,Kent,Dilleway,4126991115,Lake View,4,61243,Alquerubim,M,1979-09-17
100230,Ambros,Wrought,2222642407,Crownhardt,7,23093,Uk,M,1976-01-13
100231,Barnett,Attwell,6661244594,Springview,30,44204,Zishan,M,1973-10-31
100232,Fiorenze,Bruce,5249044013,Northridge,71585,54757,Mojkovac,F,1976-10-06
100233,Gnni,Mouser,8797193390,Crowley,64820,84771,Sukasenang,F,1987-07-06
100234,Sheela,Barlow,9387845314,Main,41577,77700,Olavarría,F,1992-10-01
100235,Bessy,Bourget,2155920622,Trailsway,410,75590,Dniprodzerzhyns’k,F,1987-02-17
100236,Anne,MacDavitt,5117042867,Schlimgen,95095,25801,Negeriagung,F,1995-09-23
100237,Baron,Joriot,2932637714,East,4,38279,Tunggar,M,1996-05-24
100238,Bernadine,Nasi,4809703161,Shoshone,84337,37997,Yuntan,F,2002-05-11
100239,Courtnay,Crowther,6566874580,6th,7,69411,Kremenki,F,1997-02-12
100240,Giff,Huccaby,3288789616,Lighthouse Bay,32,70091,Tangzhai,M,1972-05-04
100241,Nealy,Sea,2777458521,Ridgeview,9360,46993,Zhizhong,M,2001-04-14
100242,Sigismund,Schwant,9199813764,Dovetail,743,66441,Masaraway,M,1976-07-15
100243,Allen,Beresfore,1018184641,Dorton,3946,61738,Zbůch,M,1977-01-04
100244,Ludvig,Dootson,2156361057,Emmet,497,88540,Jos,M,1982-04-20
100245,Miguelita,Clyant,5185859705,Hintze,7558,55745,Arvika,F,1991-06-26
100246,Nissy,Munford,4925236374,Northview,0690,69171,Vila Verde,F,1999-12-08
100247,Franklyn,Corn,7814739714,Thackeray,4,44327,Youcheng,M,1997-07-17
100248,Rogerio,Fishenden,9823805552,Roxbury,4,68271,Frashër,M,1998-11-11
100249,Karleen,Eim,6325357994,Monica,5,62464,Locminé,F,1997-05-16
100250,Georges,Leavold,5332774548,Glendale,11111,54203,Nova Pazova,M,1973-08-31
100251,Georgeanne,Walaron,8365937040,American,3,12631,Badou,F,1997-10-26
100252,Truda,Rumke,1534677521,Vidon,1,86896,Dasha,F,1990-06-07
100253,Jourdan,Spurritt,5518211474,Mallory,07,24997,Frýdek-Místek,F,1991-05-08
100254,Jimmie,Greasley,2976054246,Lake View,2966,19816,Berlin,M,1971-03-26
100255,Ailee,Menichino,1408322337,Harper,332,96632,Sulbiny Górne,F,1974-05-09
100256,Jemmie,Benkhe,7799007845,Superior,88,20380,Gyumri,F,1981-01-26
100257,Noel,Jarrette,3261642646,Washington,12,77849,Urung,M,1990-01-04
100258,Brod,Farenden,2909744339,Towne,7,47742,Karolinka,M,1994-08-28
100259,Osbert,Chainey,1665860811,New Castle,9,70939,Stare Miasto,M,1971-03-20
100260,Goldy,Fillary,9461237284,Hooker,28047,34139,Koror Town,F,1996-09-03
100261,Kay,Norgate,8966079295,Sommers,8,86685,Yangdi,F,2000-07-09
100262,Cameron,Iggalden,4044958994,Dapin,843,83017,Borovichi,M,1977-05-22
100263,Buck,Zupone,3663260179,Cordelia,1,66479,Makoba,M,1994-01-04
100264,Chrystel,Gow,6749600180,Dexter,94551,92430,Gonghe,F,1996-10-14
100265,Thibaud,O' Hogan,3608600388,Westend,778,33671,Seattle,M,1982-06-24
100266,Whit,Drewett,5972776478,Sauthoff,81,92777,Courbevoie,M,1995-04-24
100267,Carling,Moralee,9246182088,Doe Crossing,9716,22829,Sheshory,M,1982-11-20
100268,Ralf,Gandy,3372181843,Macpherson,9355,51629,Januária,M,1981-10-08
100269,Derwin,Simeons,8264308573,Brown,7893,27073,Esperanza,M,1986-11-30
100270,Tobye,Heibl,5985615145,Stuart,89254,11285,Chengbei,F,1973-01-31
100271,Randee,Caspell,3761968361,Fulton,2453,71531,Áthyra,F,1991-06-24
100272,Agnella,Bradforth,7459765634,Trailsway,1,57136,Arujá,F,1995-04-22
100273,Dredi,Dyche,9672761254,Lakeland,55,91202,Kaputian,F,1978-11-11
100274,Travers,Daviot,7735724247,Moose,349,89172,Bayt Ūlā,M,1997-12-16
100275,Barry,Pennacci,8329460977,Canary,64162,78024,Kohlu,M,1990-01-04
100276,Hershel,Corthes,7693219031,Macpherson,87,30734,Kahuripan,M,1980-10-13
100277,Nat,Izchaki,1654913680,Quincy,18757,44104,Carepa,F,1981-04-25
100278,Shadow,Crutcher,4644307623,5th,0,71461,Pio Duran,M,1992-05-05
100279,Chalmers,Garnson,2547297628,Hoepker,4,88125,Penamacor,M,2001-08-14
100280,Jannelle,Stutard,3693507645,Namekagon,5,81615,Puma,F,1991-06-05
100281,Bartolemo,Michele,7738943568,Village,21,42792,Jorf,M,1979-11-13
100282,Margarita,Soonhouse,6473977679,Oriole,41,26066,Balally,F,1972-02-04
100283,Lanni,Torbet,7653050331,Jana,5,12518,São João das Lampas,F,1988-09-14
100284,Ernst,MacMeanma,7058114265,Maywood,1890,54877,Gaomiaoji,M,1974-11-09
100285,Carter,Weild,4888046978,Walton,3,79235,Siasi,M,1982-09-01
100286,Sibelle,McQuaide,7061686906,Schurz,96049,92925,Ryczywół,F,1986-03-08
100287,Miriam,Duggen,9289329000,Sage,9851,68942,Balibagan Oeste,F,1981-08-11
100288,Raviv,Kilner,3392907250,Shelley,6516,92460,Qobustan,M,1976-02-05
100289,Tabby,Cowup,4254562571,Dennis,115,23944,Novovladykino,M,1980-12-20
100290,Karlis,Pennacci,3176268093,Forest Run,62,31030,Zhangaqorghan,M,1993-10-30
100291,Cobbie,Elsmore,7602195483,Old Gate,13010,94829,Anabar,M,2000-06-16
100292,Matthias,Mastrantone,1871603049,Del Mar,25,87120,Erétria,M,1979-01-14
100293,Cullan,Furley,3079685649,High Crossing,24,25122,Eséka,M,2002-05-17
100294,Lavinie,Kaasman,1148832704,Orin,6104,37139,Shangzhuang,F,1990-02-08
100295,Sal,Graber,4139482453,Dunning,57,11835,Paraipaba,F,1986-07-10
100296,Ricard,O'Sherin,5792732220,Burning Wood,95168,26049,La Serena,M,1975-08-28
100297,Aili,Lavall,2062397707,Kingsford,5,80313,Seattle,F,1994-01-08
100298,Isabelita,Polleye,7121606595,Service,993,51067,Bacnar,F,1986-06-11
100299,Mollee,Walkowski,4301451554,Harbort,74,13434,Bonak,F,1988-03-27
100300,Worthy,Thom,8985482635,Burrows,6868,45414,Gorna Oryakhovitsa,M,1999-05-19
100301,Tracie,Roelofs,9127215303,Scoville,2000,29625,Mirnyy,M,1976-06-01
100302,Elaine,Aynscombe,9837776723,Shopko,8262,17534,Dabou,F,1986-02-14
100303,Donnamarie,Gainsford,8323357120,Sutherland,53,20598,Zaytā,F,1977-12-13
100304,Darn,Farland,8477864774,Fisk,6,80525,Šumperk,M,1992-07-31
100305,Rosy,Hazley,9493816633,Helena,87462,67198,Gampengrejo,F,2002-03-28
100306,Nelie,Spiers,7745926811,Jenna,5188,88341,Rosetta,F,1986-10-08
100307,Alfons,Rousel,7336062557,4th,74852,16271,Viga,M,1985-10-10
100308,Virgina,Tandey,8492018336,Shasta,42,26308,Willemstad,F,1987-08-19
100309,Merla,Cornil,8635226117,Oxford,16,94368,Kukurečani,F,1998-06-28
100310,Sonny,Deppen,1329652074,Thompson,07352,18858,Wantou,M,1973-04-10
100311,Trip,Quaintance,4865098518,Forest,19,57868,Perm,M,1992-05-25
100312,Ferdie,Addison,8708360138,Crowley,484,77699,Zhaixi,M,1979-12-07
100313,Caron,Cozins,9779043091,Talmadge,858,51655,Tanza,F,1980-06-24
100314,Teodoor,Nell,8383442457,Emmet,15347,25384,Lamawalang,M,1996-01-20
100315,Ichabod,Gaiger,5404492653,Holy Cross,869,78532,Viļāni,M,1985-09-02
100316,Dunc,Moiser,2452032097,Ohio,5579,13764,Bistrinci,M,1970-09-12
100317,Lorena,Keyzman,4113276465,6th,939,30690,Malekān,F,1975-10-07
100318,Sally,Minchindon,6401155182,Westerfield,55,32683,Izra‘,F,1977-07-10
100319,Randy,Izakoff,3251989030,Mockingbird,2,86957,Macklin,F,1973-11-07
100320,Marja,Dawidowsky,3018768167,Nobel,0,72783,Yidao,F,2002-04-25
100321,Vitia,Heintze,1596231997,Doe Crossing,165,55023,Suvorov,F,1972-07-09
100322,Rozalin,Hagstone,8886666552,Clove,89,77583,Ban Talat Yai,F,1982-06-28
100323,Melina,McRonald,4553499000,Blue Bill Park,93,18503,Kertosari,F,1970-08-07
100324,Towny,Raselles,5074059710,Rigney,86003,49988,Aranguren,M,1998-07-10
100325,Gerda,Dabney,3808814524,Clyde Gallagher,8,83443,Gamut,F,1995-03-14
100326,Tam,Peris,6021770858,Sugar,0168,38978,København,M,1987-11-03
100327,Johnathon,Rehme,7585576528,Havey,38,51092,Maroúsi,M,1985-02-24
100328,Kai,Lindenman,3892285987,Kings,080,87174,Sheffield,F,1997-04-07
100329,Emmeline,Enright,9001360999,Daystar,1,31840,Balin,F,1974-09-05
100330,Glory,Dodman,3033055248,Montana,822,51262,Middleton,F,1998-03-29
100331,Baillie,Drewes,8955292857,Beilfuss,329,12485,Xai-Xai,M,1985-08-17
100332,Bibby,Waycot,2121456883,Melody,0851,52887,Puerto Madryn,F,1983-10-11
100333,Grier,Gulland,1254424650,Del Sol,09085,59408,Zeqin,F,2001-09-27
100334,Clementina,Sciacovelli,8788068057,Coleman,69,61300,Cergy-Pontoise,F,1973-12-10
100335,Ian,Hounson,8787036558,Reinke,98634,70393,Lat Lum Kaeo,M,1985-02-18
100336,Hermann,Kennea,8138701757,Becker,1658,37054,Strančice,M,1999-09-29
100337,Chauncey,Bienvenu,8775389075,Welch,8124,79718,Uppsala,M,1981-02-08
100338,Beverie,Willas,4753263336,Maple Wood,929,24309,San Antonio,F,1971-12-09
100339,Gilemette,Byars,6052287038,Stoughton,27487,81268,Kamionka,F,2001-10-25
100340,Melodie,Dockwra,6868064556,Shasta,6,84688,Chuanpu,F,1979-11-19
100341,Eleonora,Stephens,4771189351,Hudson,23,26668,Guhuai,F,1989-07-15
100342,Amity,O'Dempsey,5486266491,Northport,340,33483,Omutninsk,F,1977-03-03
100343,Jayme,Durdle,5041589044,Fairfield,27270,63353,Sekongkang Bawah,M,1984-10-07
100344,Selena,Rasper,9923075265,Buhler,27,77561,Akureyri,F,1987-11-13
100345,Modestia,Shedden,9165619633,Little Fleur,09290,71103,Villarrica,F,1971-06-04
100346,Arther,Bachnic,3329359990,Dexter,08329,67532,Santa Fe,M,1998-04-17
100347,Guenna,Friman,7835641269,Sheridan,3,29946,Potrerillos,F,1998-01-16
100348,Hughie,Sumpner,1977374570,Washington,7,52090,Freguesia do Ribeirao da Ilha,M,1996-09-15
100349,Karlyn,Giuroni,5511008219,Longview,9,37912,Sinjai,F,2001-02-11
100350,Donovan,McCroft,5427979817,Mifflin,0992,74700,Lasehao,M,1970-10-07
100351,Rebe,Oblein,1915470056,Evergreen,7,14161,Särevere,F,1985-06-12
100352,Margo,Van der Veldt,1049817693,Tomscot,4120,50525,Sukakarya,F,1981-12-02
100353,Babb,Dudmesh,4998145797,Sloan,71311,52676,Sergelen,F,1982-08-23
100354,Katy,Bratley,4721097541,Ohio,606,59142,Zhangxiong,F,1986-07-08
100355,Ancell,Aggis,4027837171,Memorial,8,38946,Usagara,M,1982-04-06
100356,Josey,Scrooby,4976422681,Jay,41679,88126,Tinaco,F,1980-11-16
100357,Andrey,Danne,4183370618,Lyons,4660,17976,Warmbaths,M,1976-06-03
100358,Shina,Guiduzzi,1071208487,Washington,62,40121,Cileuya,F,1978-09-30
100359,Derward,Coonihan,7356969667,Blaine,0,78816,Uglich,M,2001-04-18
100360,Bary,Hallward,9329942484,Mendota,64,64089,Danan,M,1995-04-21
100361,Ivar,Truelock,4042460389,Corscot,15,83743,Hässleholm,M,1974-04-02
100362,Alexis,Dowles,9598311532,Roxbury,305,61809,Khoronk’,M,1994-02-20
100363,Florry,Stallybrass,8512918165,Graceland,986,33605,Igoumenítsa,F,1980-03-19
100364,Jonis,Marian,6342888095,Farmco,053,22552,Lauro de Freitas,F,2002-03-07
100365,Denny,Koppens,9575728777,Warrior,655,92478,Yangqiaodian,F,1978-11-02
100366,Keri,Pilmore,6093462714,Sachs,62,41945,Lipa City,F,2000-04-13
100367,Cleveland,Cubin,4755436031,Leroy,58,29797,Blackfalds,M,1978-06-08
100368,Lianne,Featherstone,7199274193,Mallard,8,48897,Al Bilād,F,1978-10-02
100369,Sammie,Kleinhaus,3703890890,Summer Ridge,4,16391,San Fernando,M,1992-03-05
100370,Rosina,Mimmack,1549720530,Homewood,0144,13285,Milano,F,1977-09-21
100371,Enrika,Reah,8251722456,Superior,3,37572,Kuala Lumpur,F,1996-03-26
100372,Lola,Helks,6594024696,New Castle,0083,73940,Huagu,F,1983-07-07
100373,Amelia,Anderton,9147191294,Onsgard,2093,83615,Grujugan,F,1995-04-04
100374,Carlyle,Airlie,7888744887,Badeau,919,69397,Trollhättan,M,1978-05-19
100375,Marjory,Burnard,6592529113,Macpherson,81235,96943,Miaotang,F,1985-02-26
100376,Cherilyn,Drew,5561043177,Arizona,7807,77229,Voznesenskaya,F,2000-05-04
100377,Janos,Obee,6497281962,Kinsman,570,36045,Garango,M,1999-12-04
100378,Bernie,Parsell,9743187646,Fuller,94401,19658,Hallstavik,M,1974-11-26
100379,Barth,Lodford,3216575839,Nancy,85,76261,Ōbu,M,1973-08-28
100380,Felix,Hendron,9184337218,Scoville,1529,76176,Slavgorod,M,1986-09-07
100381,Orlando,Carlson,3619226450,Pankratz,543,78565,Kasugai,M,1974-08-03
100382,Sharia,Dashwood,3544991180,Huxley,89,99756,Avdzaga,F,1986-11-15
100383,Ingaberg,Jeeves,7545012183,Farwell,6,98227,Fort Lauderdale,F,1992-07-16
100384,Davidde,Wildey,9409467180,Derek,0920,68332,San Antonio,M,1996-05-25
100385,Dix,Hounsom,3132072331,Garrison,0,29176,Kauniainen,F,1986-10-01
100386,Gaultiero,Watmough,1712180673,Tennessee,3,40003,Třebíč,M,1982-12-06
100387,Kip,Gyves,1913818431,Del Sol,2293,43597,Mariestad,M,1998-09-21
100388,Janek,Laye,7797345181,Sloan,15771,56913,North Saanich,M,2000-09-08
100389,Fin,Pettigrew,7368500717,Burrows,4488,16694,Buenavista,M,1990-02-19
100390,Ardene,Baglow,3369591610,Twin Pines,96501,83715,Lapachito,F,1974-06-13
100391,Danyette,Bernardotti,5426404156,Talisman,302,50266,Verkhnyaya Khava,F,1985-09-05
100392,Mechelle,Doul,7584306922,Dorton,110,14231,Planken,F,1977-07-17
100393,Raimund,Purkis,2662676051,Morning,25084,65043,Itapagé,M,1999-08-25
100394,Sybila,Overington,7058900416,Corscot,8439,98406,Miramar,F,1978-12-08
100395,Forster,Diperaus,4113106239,Anderson,481,99421,Savitaipale,M,1991-04-02
100396,Nichole,Bichard,8509509731,Raven,77,15733,Železnice,M,1993-07-17
100397,Thurstan,O'Keaveny,2331520546,Raven,9955,99895,Catarman,M,1977-07-26
100398,Daloris,Ledrun,6441584464,Pepper Wood,5,59205,Derbur,F,1980-10-16
100399,Brocky,Barefoot,4803867316,Dovetail,3,55207,Shirochanka,M,1998-06-26
100400,Leontyne,Possek,8133507071,John Wall,2341,67138,Aydūn,F,1991-01-16
100401,Herminia,Boise,8816143364,Mcguire,992,79839,Fort Liberté,F,1994-12-28
100402,Evered,McTavy,6727916130,Birchwood,7596,16010,Dalu,M,1998-03-08
100403,Prissie,Denmead,5228307279,Michigan,80,28420,Sanlei,F,1996-08-04
100404,Albertina,Gounet,8271945894,Reinke,73,21174,Kidodi,F,1998-10-17
100405,Anastassia,Bantick,4857318640,Stephen,78672,41970,Jinguoping,F,1972-03-24
100406,Kelvin,Middle,1794989064,Fuller,922,55300,Sankoutang,M,1996-05-18
100407,Rutter,Pleasants,6995922254,Upham,5,19496,Emiliano Zapata,M,1980-06-20
100408,Shayne,Pratton,5985397686,Maywood,3,55311,Panjiang,F,1995-09-10
100409,Siegfried,Copnall,5902613109,Coleman,119,80145,Sidokumpul,M,1985-04-06
100410,Eunice,Elphey,1517392272,Ilene,7,73609,Ballitoville,F,1989-04-21
100411,Jennette,Lassen,9005485560,Weeping Birch,110,88495,Rybnoye,F,1999-06-30
100412,Leia,Norgate,9197231100,Rowland,013,19108,Durham,F,1996-06-02
100413,Nadine,Schiell,3247586100,Twin Pines,19,13810,Chornomors’ke,F,1980-09-24
100414,Bron,Knocker,6001988217,Haas,58786,40766,Mramani,M,2001-11-12
100415,Harold,Panons,8931525055,Dunning,9990,92167,Toulouse,M,1992-07-30
100416,Gayle,Roeby,8285441881,Rigney,1,28691,Miao’ertan,M,1981-08-17
100417,Royall,Wibberley,3437515829,Hooker,3,57239,Luján de Cuyo,M,1982-03-06
100418,Reyna,Alsina,9781489333,Pepper Wood,75922,59991,Bianba,F,1971-09-16
100419,Calla,Mandres,9633749480,Orin,18314,64598,Hradec nad Moravici,F,2000-11-04
100420,Burl,Medcalfe,5398703126,Dawn,7507,91782,Shijiao,M,1980-01-27
100421,Carin,Sobieski,4666393249,Holy Cross,98,78833,Longjing,F,1984-09-16
100422,Baron,Van Castele,2782472786,Florence,76069,86287,Lanigan,M,1972-12-22
100423,Oswell,Mardall,5493567299,Sommers,2594,26406,Datong,M,1990-04-20
100424,Edward,Petr,9864432529,Tomscot,253,13804,Oropós,M,1993-06-15
100425,Bondon,Marcone,3798907381,Atwood,1,10467,Paldiski,M,1995-11-16
100426,Natalie,Dilkes,2372982010,Pawling,1354,81672,Wiphawadi,F,1998-01-07
100427,Armstrong,Plummer,1269374574,Corry,46137,32959,Brniště,M,2001-04-27
100428,Giana,Hilary,7638413338,Sutteridge,576,23141,Zili,F,1987-07-18
100429,Jami,Pele,9035194112,Hagan,3,68807,Erfangping,F,1984-10-28
100430,Alfonso,Corrin,7476699266,Golf Course,930,84481,Aloja,M,1978-04-20
100431,Korie,Pizer,5912038526,Gulseth,857,40760,Tuluá,F,1989-02-22
100432,Kevyn,Mitchelson,2961415594,Reinke,157,53825,Skópelos,F,1982-04-01
100433,Feodor,Garrad,4004212119,Roxbury,5307,21851,Sędziejowice,M,1982-09-19
100434,Micheal,Geraghty,8981696461,Monument,493,90100,Longka,M,1987-08-19
100435,Nyssa,Dodding,6591359780,West,39,92915,Sundsvall,F,1986-12-07
100436,Brittney,Dewfall,4753197992,Larry,25563,17176,Karangpawitan,F,1992-11-26
100437,Shelby,Popescu,2882931188,Sommers,17886,83659,Novi Bečej,M,2000-05-20
100438,Leonie,Babcock,3475169063,Briar Crest,761,67603,Wangkung,F,1973-10-02
100439,Arlinda,Mazella,3156002491,Katie,1,63483,Kofelē,F,1988-09-16
100440,Launce,Meert,9791733159,Mayfield,91984,29622,Juegang,M,2001-09-17
100441,Darb,Male,4727443109,Monica,97,31511,Älmhult,M,1973-06-13
100442,Margeaux,Marchant,7814494118,Scoville,3950,79539,Xinhua,F,1990-06-02
100443,Evelyn,Reynoollds,6237457352,Granby,8,50253,Ampelókipoi,F,1983-05-23
100444,Ethelda,Castles,6666017136,Everett,9407,56985,Jitan,F,1971-08-22
100445,Ingrim,Moses,7121142799,Hoepker,5387,92751,Sucha,M,1988-05-26
100446,Jayson,Chaunce,2038302949,Beilfuss,343,42169,Danbury,M,1993-12-28
100447,Audrie,MacIlraith,4527205617,Valley Edge,095,64410,Xiaotang,F,1976-06-01
100448,Brynna,Russi,6216502138,5th,6597,48761,Bandarlampung,F,1972-03-31
100449,Ebonee,Gason,8253869720,7th,6696,61213,Nioki,F,2001-02-02
100450,Garrek,Millberg,5885645686,Algoma,17920,22288,Nasīrābād,M,1976-06-14
100451,Humfrid,Malarkey,4953431300,Green,960,94340,Jiahe,M,1974-10-28
100452,Prudi,Kilbride,2107432932,Dawn,25,27508,Dioknisi,F,1970-11-29
100453,Konstantine,McCrea,2626991003,Vahlen,7,42561,Kuala Lumpur,M,1979-05-20
100454,Courtney,Cashin,6693613943,Sage,9,14628,Mehmand Chak,F,1985-07-01
100455,Iolande,Kabisch,7333540232,Westport,99354,41647,Zhaojia,F,1970-12-11
100456,Dur,Podd,5758364573,Mallory,3,28806,Orion,M,1985-02-20
100457,Gerry,Whordley,5682331127,Luster,46019,19929,Penha Longa,M,1984-12-25
100458,Rayna,Penny,2996453879,Drewry,1,35030,Huaihe,F,1972-12-27
100459,Murdoch,Vasyukhichev,4013454477,Fulton,88,34456,Castelo,M,1995-08-30
100460,Cullan,Tibbetts,5169128111,Hudson,354,26595,Makati City,M,1994-12-27
100461,Zara,McKechnie,2309752176,Del Mar,92334,57435,Jingkou,F,1980-03-10
100462,Edyth,Wray,6254910952,Hallows,29921,26553,Vale de Figueira,F,1999-10-28
100463,Hughie,Jeynes,8715761882,Vidon,05279,96142,Chapultepec,M,1977-04-13
100464,Lindsay,Parton,2728074450,Lukken,9,62157,San Isidro,M,1992-09-03
100465,Karlyn,Balas,1037040682,Coleman,9,68426,Bilajer,F,1999-11-30
100466,Krishna,Affron,5804272917,Declaration,50,29893,Haramgai,M,1989-07-10
100467,Jeremias,O' Quirk,7093964937,Monica,419,55480,Baní,M,1996-10-07
100468,Dita,Grebbin,3118229169,3rd,4184,77058,Rychvald,F,2000-03-01
100469,Arleen,Biles,5541347122,Elmside,64,61564,Laï,F,1984-05-22
100470,Sigismond,Desson,5217184620,Calypso,5,66126,Belize City,M,1984-05-01
100471,Maire,Bernaldo,3155245866,Pennsylvania,223,96300,Vyerkhnyadzvinsk,F,1987-05-14
100472,Mayne,O'Geneay,6065807933,Bartelt,597,84103,San Lucas Sacatepéquez,M,1990-02-21
100473,Quintina,Elgie,9744464306,Carey,21912,44250,Chencai,F,1973-07-15
100474,Upton,Hawkey,7212021481,Glendale,283,69393,Chuquitira,M,1978-09-30
100475,Francine,Flewett,5219786017,Forster,89,65376,Palencia,F,1986-01-29
100476,Felix,Di Iorio,8304543364,Dexter,7,35923,Świnice Warckie,M,1998-12-15
100477,Pandora,Jagger,2064946733,Macpherson,5,33738,Toulouse,F,2001-03-30
100478,Kesley,Lilloe,9529370105,Reindahl,0,96234,Tarragona,F,1990-01-04
100479,Wood,Mulrooney,1779046371,Summer Ridge,5433,59625,Yefremov,M,1996-06-15
100480,Emmeline,Backshill,7025246883,Anzinger,11,37593,Las Vegas,F,1982-06-30
100481,Christoper,Allawy,9595653249,Bartillon,132,17745,Sumberpinang Satu,M,1996-06-26
100482,Bob,Rowan,3715339758,Crownhardt,09646,41761,Bouaflé,M,1996-02-08
100483,Veronica,Abel,1629178503,Forest Dale,33314,97987,Vlachovice,F,1980-05-10
100484,Del,Sigert,8172889831,Morrow,0138,41873,Andovoranto,M,2001-05-09
100485,Malena,Dunks,1247705242,6th,34,16565,Markaz Bilād aţ Ţa‘ām,F,1976-06-23
100486,Ashia,Russam,1339443564,Myrtle,8,62573,Cimadang,F,1999-03-16
100487,Monty,Swanger,5358589778,Mendota,755,98861,Thouars,M,1999-12-19
100488,Lydon,Fassbender,2806380780,Anderson,4195,20725,Mników,M,1995-12-26
100489,Salmon,Cowcha,4138101909,Norway Maple,35372,43090,Vyritsa,M,1987-11-29
100490,Dyna,Ceaser,5592933646,Superior,1266,11538,Zákynthos,F,1972-06-16
100491,Christian,Sisland,8095895339,Ludington,96117,22606,Jinhui,F,1974-12-10
100492,Elvera,Codlin,2332791587,Cardinal,96031,17795,Challas,F,1991-08-16
100493,Miriam,Maides,6293002394,Northfield,9539,61978,Quime,F,1983-07-11
100494,Jenda,Bowhay,7866539625,Derek,85654,93866,Nageswari,F,1978-05-10
100495,Garner,Laurie,7956129201,8th,5,24891,Xujiahe,M,1990-09-21
100496,Monro,Jacobowitz,7706541379,7th,954,89902,Pinghu,M,1990-01-27
100497,Sharon,Waulker,5373874405,Manitowish,3033,82362,Kungsbacka,F,1986-11-28
100498,Ludwig,Burchill,4067766268,Cody,862,84274,Billings,M,1982-07-24
100499,Josi,Keach,6664682347,Macpherson,5,68476,Uptar,F,1979-02-26
100500,Chloe,Ritchman,1096679909,Dexter,89712,64842,Lixiqiao,F,1999-07-08
100501,Layla,Whitechurch,1921947656,Kensington,76,39942,Jiefang,F,1992-03-27
100502,Guthrie,Cocci,2336096679,Melrose,3,11188,Babakanbandung,M,1983-01-21
100503,Kelbee,Nealy,6792870585,Talisman,8770,88452,Chambara,M,1993-02-25
100504,Lynelle,Hulance,4126753144,Graceland,28,20288,Cunén,F,1972-11-09
100505,Fay,Aimable,1717851839,Manitowish,3953,58764,Huayana,F,1986-02-18
100506,Nicola,Sorsbie,5743815754,East,552,85052,Dazhan,M,1973-01-13
100507,Cthrine,Newlove,2088725796,Sullivan,26379,20801,Atouguia,F,1978-01-04
100508,Fair,Ucceli,3424401167,Northwestern,20,74361,Novyye Kuz’minki,M,1993-06-06
100509,Warner,Sibbson,3568065145,Almo,55,41079,Patía,M,1990-07-15
100510,Boony,Privett,6923583465,Muir,74081,45022,Sydney,M,1974-07-08
100511,Willdon,Reina,7983711871,Northland,59,36690,Shahr-e Qods,M,1998-10-10
100512,Micky,Hegges,9118607768,Center,23139,14082,Karachi,M,1995-03-19
100513,Muriel,Caswell,3133378528,Sutteridge,515,55152,Dębica,F,1977-10-22
100514,Chase,Vel,7961624829,Pankratz,33,10780,Gongbuxue,M,1979-06-14
100515,Jamill,Drewett,1949959811,Corben,4667,30049,San Roque,M,1979-05-14
100516,Gonzales,McSharry,6559264183,5th,690,41595,Nowshera,M,1970-11-08
100517,Constantino,Wallege,4185882793,Jay,9494,31962,Pinheiral,M,1981-08-23
100518,Dorey,Whittington,2975369588,Corry,2,45984,Tarko-Sale,M,2000-03-10
100519,Veronika,Roubay,3393262963,Rockefeller,42766,28158,Chongqing,F,1981-08-11
100520,Mab,Sillwood,1069154251,Troy,7,70118,Bandhagen,F,2000-02-25
100521,Bernarr,Brogini,6893850418,Reinke,62027,60847,Cikaduen,M,1970-10-31
100522,Alejandrina,Presland,2127683509,Schlimgen,151,88600,New York City,F,2001-10-18
100523,Ada,Mathiassen,3702463020,Calypso,4730,69036,San Juan Nepomuceno,F,1989-11-10
100524,Teddie,Gueinn,8195485486,Fuller,2,23878,Nelazskoye,M,1986-07-15
100525,Georgina,Gamwell,7285186150,Spaight,723,45863,Yanjiang,F,1976-02-01
100526,Lucretia,Whittingham,6136962527,Anniversary,60078,37161,Cimrutu,F,1974-10-10
100527,Lynette,Sidwell,6765675756,Waubesa,1592,49661,Paulista,F,1997-09-28
100528,Holli,Nevinson,9896545709,Grover,16,33682,Cotabato,F,2001-07-01
100529,Ame,Kearn,1543969580,Reindahl,12449,82851,Belén,F,1978-12-10
100530,Hollis,Yitzowitz,3285593006,Bartillon,35512,13230,Markovo,M,1979-06-02
100531,Foster,Painswick,4149814526,Shasta,84377,28813,Torbay,M,1977-01-26
100532,Baird,Woolrich,6298636073,Marquette,85028,27210,Lodoyo,M,1982-05-18
100533,Delmer,Wetherby,4788160734,Rieder,1,59687,Khuzhir,M,1981-11-28
100534,Eleonora,Handlin,3072845698,Thompson,497,24406,Keffin Hausa,F,1987-12-26
100535,Ruperto,Grunbaum,7691511670,Toban,37476,20989,Tengah,M,1970-11-10
100536,Anton,Van der Hoven,8487908712,Reinke,90,69432,Montbéliard,M,1985-05-13
100537,Jackqueline,Ferrey,2713294438,Mcbride,3447,92147,Delmiro Gouveia,F,1975-08-09
100538,Arlen,Wyss,1527766547,Huxley,643,49369,Kyŏngsŏng,M,1979-12-23
100539,Bar,Greaves,2813076134,Grim,8,54920,Taozixi,M,2000-04-17
100540,Peggie,Hedney,7906132924,Mcbride,018,75165,Kvasy,F,1986-09-11
100541,Mozes,Golda,5148271702,Stuart,6,27853,Pavlovka,M,1989-01-04
100542,Annabel,Tatham,7722548928,Delaware,2667,39415,Tegina,F,1974-06-17
100543,Alyce,Blakes,6063522771,Gerald,2442,54330,Kpalimé,F,2001-11-01
100544,Kalil,Redmire,7252423697,Browning,3,76952,Ma’ao,M,1976-01-03
100545,Nick,Purton,6604516032,Sunnyside,57419,23885,Quitilipi,M,1981-10-10
100546,Townie,Baraja,1742092084,Nelson,3,49908,Sayḩūt,M,1975-12-06
100547,Rowney,Gunn,9013249969,Grim,814,12941,Yatunpu,M,1973-04-10
100548,Trstram,Attarge,1107629343,Cottonwood,8,95384,Wawu,M,1996-03-21
100549,Leanor,Magwood,4286992384,Scott,411,39904,Ajaccio,F,2000-10-15
100550,Orlando,Dominicacci,8215500639,Lotheville,93,39448,Varge Mondar,M,1976-09-23
100551,Klemens,Kenyam,1849832373,Petterle,2,87942,Kwekwe,M,1973-04-20
100552,Cymbre,de Clerc,4377270504,Lerdahl,1152,28793,Saint-Nazaire,F,1996-12-10
100553,Isaak,Ripsher,2448933570,Garrison,33,55047,Dawung,M,1996-08-26
100554,Pascale,Tedridge,1168259159,Prairieview,33411,68834,Dambulla,M,1977-05-29
100555,Shelton,Roux,7305324979,Center,2,72012,Cakungsari,M,1991-04-03
100556,Jeanie,Maloney,5072415359,Park Meadow,4776,13646,Wojciechów,F,1977-02-08
100557,Blinny,Gerdes,5839172841,North,7042,75883,Mamasa,F,1970-12-01
100558,Joanna,Guidera,9816459962,Hoard,610,29168,Alibunan,F,1997-06-04
100559,Lisle,Tarry,9498555023,Steensland,87568,22286,Chornyanka,M,1984-09-16
100560,Delano,Cawsy,7654848522,Aberg,8,99678,Gungguh,M,1981-10-17
100561,Andras,Mayward,6952051823,Scofield,87,37913,Montfort-sur-Meu,M,1978-04-12
100562,Alexandrina,Pashley,9651422760,Rockefeller,200,29089,Semiletka,F,1978-05-05
100563,Lancelot,Mendel,7301302395,Charing Cross,90,26684,Sámi,M,1981-02-21
100564,Dunstan,Stanyon,6805867186,Scofield,77,72003,Mazeikiai,M,1990-05-09
100565,Solly,MacMenamie,3212139728,Summit,9221,77205,Sedlarevo,M,1987-03-23
100566,Paloma,Adolf,1079005888,Darwin,2084,28334,Mae Sai,F,1995-09-29
100567,Daron,Purry,8079812676,Upham,0,80342,Al Qadmūs,F,1999-03-23
100568,Elston,McLukie,2146798807,Stoughton,662,90697,Phimai,M,1975-02-22
100569,Neddy,Busk,7605110758,Butterfield,2,71221,Guaçuí,M,1997-06-14
100570,Dyann,Oulet,6669724019,Corscot,6,29788,Hejiaping,F,1982-11-30
100571,Augusta,Cambridge,8656318887,Briar Crest,1,64519,Jamshoro,F,2000-08-17
100572,Talbot,Gourlay,2815564624,Manitowish,04,60027,Spring,M,1970-10-01
100573,Prince,Spender,9338394815,Mayer,74689,58930,Sipe Sipe,M,2001-08-18
100574,Gayler,Earley,9827156735,Kim,0834,74218,Mandalgovi,M,1989-08-11
100575,Skipton,Musk,9519741696,Grover,63576,92668,Jianfeng,M,1996-10-09
100576,Wakefield,Lince,7489793731,Barby,92,38788,Peremyshl’,M,1980-04-21
100577,Moe,Minor,3461336511,Darwin,40,91153,Anopog,M,1990-11-07
100578,Janie,Fley,3259816218,Memorial,09,82492,Ḩajjah,F,1977-01-21
100579,Hobart,Bickerdyke,8461416361,Tony,176,95005,Sucre,M,1987-02-28
100580,Mala,Orable,9751134878,Milwaukee,6,92937,Tabaga,F,1972-08-06
100581,Willabella,Howlett,3722459318,Troy,6047,19623,Fayaoué,F,1976-04-16
100582,Halley,Nickolls,5047959240,Schiller,262,18833,Joaquín Suárez,F,1990-11-02
100583,Melisent,Yanukhin,9917541823,Crownhardt,50,36212,Eslöv,F,1974-05-10
100584,Biddy,Sandes,5308688833,Hoffman,4,90947,Renko,F,1972-05-17
100585,Rudolfo,Cicconettii,3634175845,Lakewood,62456,88790,Poljčane,M,1982-05-31
100586,Yvon,Smalecombe,6909609728,Butternut,0,62967,Hostomice,M,1994-11-05
100587,Clifford,Kunat,4728144826,Ludington,9741,30950,Piotrków Kujawski,M,1980-07-30
100588,Zondra,Wigfield,3618351673,Johnson,43,69093,Lavaltrie,F,2002-05-02
100589,Cirstoforo,Romaynes,4999466912,Golf Course,18072,75203,Limanancong,M,1995-03-05
100590,Hilda,Simoncelli,1652558802,Hallows,6,13302,Xialiao,F,1983-05-28
100591,Aline,Lees,6841226692,Gerald,21171,68779,Otan Aiyegbaju,F,1976-08-16
100592,Kimbell,Lewing,4472697873,Dayton,945,86477,Nueva Ocotepeque,M,1997-05-25
100593,Ulick,O'Shevlin,2496536582,Huxley,026,39846,Suban,M,1999-09-19
100594,Alfonso,Lott,2698820875,Jenna,0924,76466,Moravská Třebová,M,1976-02-08
100595,Giorgio,Wotherspoon,3382116174,Graceland,8,63652,Vale de Rolas,M,1999-05-01
100596,Othelia,Mecco,1008320133,Westport,2,17882,Pachīr wa Āgām,F,1973-08-11
100597,Wells,Skewes,1938692077,Lillian,9,49696,Sangkalputung,M,1979-10-02
100598,Zelda,Leedal,6932063502,Riverside,41956,65854,Larreynaga,F,1976-02-17
100599,Ced,Suggett,6332335429,Hermina,79797,88174,Shizuoka-shi,M,1994-07-23
100600,Ray,Dagon,2948394946,Summerview,76783,83307,Bigaa,F,1990-01-10
100601,Eberto,Phebee,7942591911,Trailsway,3,70943,Kaizuka,M,1988-02-22
100602,Bucky,Ackwood,7193061656,Petterle,59010,62265,Bawshar,M,1983-08-06
100603,Arri,Gowdy,9839016822,School,59835,71167,Jubung,M,1975-10-13
100604,Liva,Tomankiewicz,7997054507,7th,65339,25244,Santa Rita,F,1979-04-26
100605,Pebrook,Werndly,3231874454,Melrose,8541,97882,Socos,M,1971-02-28
100606,Ruben,Messam,7296950321,Coolidge,9,20470,Mirkovci,M,1978-03-28
100607,Skippie,Willes,4735739337,Buell,0871,19937,Taung,M,1988-12-24
100608,Valentino,Feria,5842180733,Fisk,1,43027,Loivos,M,1977-02-15
100609,Hazel,Edlyn,6226264941,Moland,2496,70374,Jammāl,M,1973-04-01
100610,Bentley,Lissandrini,5189788107,Ramsey,7097,92097,Сарај,M,1986-10-22
100611,Fidelity,Dowden,5393608411,Fisk,6616,59362,Berlin,F,1986-06-06
100612,Ashton,McDyer,2065557876,Buell,13,28516,Lamotrek,M,1976-12-15
100613,Lukas,Baskeyfield,9948873825,4th,05375,95310,Montinho,M,1981-08-02
100614,Lurleen,Ertel,2762747768,Becker,58,68876,Madamba,F,1976-12-10
100615,Wendi,Andras,4463500702,Schiller,9,55596,Mugumu,F,1987-01-31
100616,Nathaniel,Lobb,1452011459,Parkside,2480,18937,Paamiut,M,1998-01-31
100617,Giana,Deshorts,6171946908,Moland,1,74056,Luchenza,F,1985-11-22
100618,Carlie,Ciobotaru,3591243057,Barby,3,84928,Oenpeotnai,M,1977-04-12
100619,Wilow,Lyles,5151099743,Almo,1154,94774,Feitoria,F,1980-12-08
100620,Billi,McNelis,7289799806,Quincy,99714,66347,Vyškov,F,1995-11-21
100621,Tad,Sammut,2076864781,Eggendart,46,73093,Palma De Mallorca,M,1973-05-14
100622,Ellynn,Royston,3126873339,Loeprich,614,64037,Messina,F,1976-10-08
100623,Dur,Baber,3685909602,Surrey,7,16395,Sousa,M,2001-12-12
100624,Nealy,Foxwell,2503721377,Eliot,383,30119,Dongcheng,M,1982-09-30
100625,Kenon,Slatcher,7859306528,Forest,47071,63310,Lille,M,1994-11-30
100626,Winny,Spyby,8301927760,Anniversary,6690,15344,Toungo,M,1970-09-26
100627,Rozina,Blaker,1027964954,Prairieview,726,77946,Sidomekar,F,1981-06-17
100628,Marcille,Maliffe,2261517850,Crest Line,7492,35276,Changjiang,F,1975-03-18
100629,Selinda,Willey,4363764604,Harper,4,37187,Liujiage,F,1981-11-24
100630,Berny,Eastlake,9784984134,Clove,845,86111,Maria Cristina,F,1995-07-18
100631,Giraud,Ligoe,2864501419,Bowman,0578,65182,Kauswagan,M,1994-07-05
100632,Christophe,MacKenzie,2111849994,Homewood,1094,24504,Providencia,M,1998-03-10
100633,Teri,McAusland,5175747719,Drewry,8,67954,Jianyangping,F,1985-09-28
100634,Shelby,McBean,9741218204,Harbort,6158,65659,Phetchaburi,F,1975-07-19
100635,Amye,Belfitt,2126297135,Farragut,4149,42564,Brooklyn,F,1981-06-27
100636,Geri,Delafont,9122205562,Michigan,26604,71850,Casal das Figueiras,M,1976-09-02
100637,Gregorio,Garrie,5075207868,5th,65,44036,Caculé,M,1989-07-13
100638,Philip,Kenyon,6756748844,Gina,72096,66001,Baofeng,M,1981-02-16
100639,Celestyna,Giacoppo,7674769475,Clove,4,74004,Qianjin,F,1986-05-28
100640,Pascal,Ainsby,2884461034,Hollow Ridge,05391,98872,Wum,M,1984-07-29
100641,Temp,Braikenridge,2693118823,Coleman,896,58102,Zhulebino,M,1985-09-12
100642,Hubie,Andrelli,8476689058,Algoma,818,83109,Palatine,M,2000-08-30
100643,Evaleen,Volks,6954463317,Golf View,38449,72092,Ōkawa,F,1981-10-24
100644,Delia,Mewhirter,4262172176,Erie,57,36946,La Soledad,F,1973-03-20
100645,Chandler,Mogford,5487820783,Melvin,8,88920,Mir,M,1975-07-08
100646,Onida,MacDonnell,1701070503,Starling,8,94451,Saihan Tal,F,1981-07-01
100647,Burgess,Schoolfield,4877800429,Tennyson,7,42087,Mastung,M,1979-01-30
100648,Gelya,O'Dulchonta,9539941473,Dovetail,99,19081,Krajan Karangsari,F,1982-10-16
100649,Heall,Hutchison,5213330705,Grayhawk,18137,11125,Fleury-les-Aubrais,M,1972-07-01
100650,Danice,Renackowna,3118126544,Oriole,23,51198,Poitiers,F,1970-07-16
100651,Dorita,Welchman,8187337382,Ruskin,899,72109,Leticia,F,2000-10-15
100652,Rawley,Line,9193780226,Sutteridge,885,84104,Raleigh,M,1975-12-31
100653,Aeriela,Sapsforde,9659219148,Morningstar,13,82641,Polo,F,1986-06-23
100654,Jens,Tue,1223931301,East,76964,17920,San Juan de la Maguana,M,1998-10-27
100655,Blair,Trobey,8092742575,Walton,43,27728,Ayteke Bi,F,1995-06-24
100656,Glenine,Danielou,2835912550,Dunning,946,62198,Gangdong,F,1975-11-16
100657,Dulciana,Wolfarth,5868516263,Graedel,5321,80450,Bohumín,F,1978-09-20
100658,Mala,Rivett,1793936999,Heffernan,493,11785,Buldon,F,1991-11-29
100659,Gal,Riguard,8905235652,8th,891,63435,Nueva Gorgona,M,1986-10-29
100660,Garold,Uttley,2213075248,Hayes,17233,24737,Ourinhos,M,1978-07-01
100661,Netty,Conachy,9659832190,Pine View,61758,93223,Balakasap,F,2001-07-19
100662,Rheta,Kigelman,2022485979,Stone Corner,6667,56485,Lafiagi,F,1974-02-25
100663,Ahmed,Gotmann,5682564191,Northridge,1609,18682,El Tejocote,M,1988-07-21
100664,Daune,Rosenvasser,2613483981,Columbus,9,94546,Vila Real de Santo António,F,1995-06-06
100665,Lindy,Linstead,9295345912,Jenna,761,78757,Tanrake Village,M,1979-04-11
100666,Bessy,Orleton,3088876433,High Crossing,71,21007,Baisha,F,2002-02-04
100667,Fran,Cordero,4325447034,Waxwing,0,24043,Rudka,M,1994-06-18
100668,Tobin,Balke,4553236962,Holy Cross,50692,73635,Kudang,M,1989-10-18
100669,Joan,Rembaud,9948678984,Ludington,6621,71166,Tatou,F,1995-04-29
100670,Tandie,McGenis,7248233778,Hoepker,92,99928,Cergy-Pontoise,F,1991-02-28
100671,Lemmy,Rowthorn,8995180103,Twin Pines,48808,81532,Doghs,M,1973-03-25
100672,Keefe,Hannam,6375769276,Old Shore,51975,38197,Anse à Galets,M,1986-09-13
100673,Freddy,Hadye,3719119185,Crest Line,60819,98266,Potrerillos,F,1976-10-13
100674,Lynna,Bonin,4943793918,Lotheville,17943,75999,Almodôvar,F,1989-08-20
100675,Waldo,Jaycock,7049033030,Lillian,3,15408,Svetlyy,M,1993-03-12
100676,Gussi,Lerer,4391078943,American Ash,478,68710,Carmen,F,1990-12-29
100677,Maximilien,Curryer,5907963024,Homewood,73255,65600,Hexi,M,1991-09-06
100678,Raleigh,Balog,9941793735,Sundown,40,89751,Wenheng,M,1977-04-05
100679,Reinold,Byer,5428895480,Cottonwood,75954,13953,Piasek,M,1977-02-17
100680,Robby,Grenville,6102347346,Graceland,180,57420,Golek,M,1980-03-03
100681,Briny,Hek,4737806546,Judy,60934,71337,Capivari,F,1976-03-12
100682,Burty,Brands,6633273519,Elka,95368,76753,Uppsala,M,1984-10-16
100683,Hephzibah,Sparkes,8389845772,Vahlen,389,30028,Zhonghuopu,F,1998-01-12
100684,Will,Constantine,2075456925,Sage,2700,42724,Shanban,M,1972-05-13
100685,Munmro,Taffs,5056652019,Jenna,4388,84653,Chengdong,M,1980-02-08
100686,Jonas,Gopsall,5344272401,Vahlen,35942,93132,Évosmos,M,1994-12-06
100687,Georas,Gobolos,3354819672,Troy,7552,37937,Wintzenheim,M,1985-01-26
100688,Bondon,Myhan,1111503123,Vernon,00,23103,Libertad,M,1978-11-24
100689,Trescha,Mc Comb,5178783610,Di Loreto,8,34386,Bārah,F,1975-08-21
100690,Gerty,Winfred,9487729735,Larry,01,84778,Salacgrīva,F,1979-03-02
100691,Jacki,Yuryshev,5045929905,Buell,8,75832,Angered,F,1988-07-19
100692,Rhett,Balaisot,4847196026,Arrowood,96,91433,Odiongan,M,1980-09-04
100693,Eben,Tiesman,9805823003,Bunker Hill,9,25811,Veruela,M,2000-10-30
100694,Demetra,MacCrann,9164630055,Gulseth,181,17175,Innisfil,F,1998-03-09
100695,Giselle,Lovett,7693661641,Amoth,78,20798,Ibung,F,1984-05-21
100696,Myriam,Dunk,9745423040,Becker,93,17735,Aībak,F,1973-02-10
100697,Jud,Baiden,1434365872,Veith,62828,76411,Neyagawa,M,1971-06-13
100698,Melisse,Bollam,2521571026,Orin,50,11798,Pelileo,F,1977-10-30
100699,Deonne,Stennine,2049956688,Columbus,39,42131,Al ‘Aqabah,F,1976-12-11
100700,Celia,Humbell,8029179624,Main,3,94686,Heilbronn,F,1971-02-27
100701,Weider,Zambon,6489569853,Sutherland,78,84752,Volodars’k-Volyns’kyy,M,1973-07-19
100702,Amby,Royle,5803282004,Glendale,164,37262,Trelew,M,1993-11-27
100703,Gery,Bown,9078984446,Lien,7,99176,Gilowice,M,1980-03-27
100704,Kurtis,Praten,4188514127,Hintze,6,65992,Huayana,M,1985-09-07
100705,Zonda,Verna,2506643280,Fallview,97473,46778,Las Heras,F,1975-04-04
100706,Terri,Village,8082484632,Chinook,1,65719,Constanza,M,1996-02-27
100707,Gerek,Dixcee,4037643053,Southridge,2,49806,At-Bashi,M,1992-09-02
100708,Thibaud,Filon,6321896584,Talisman,8,66156,Changtu,M,2002-02-09
100709,Florina,Di Biasi,7331398425,Green,39397,35502,Darunban,F,2001-01-24
100710,Alfonse,Braferton,8091995742,Killdeer,9415,38827,Godziszów Pierwszy,M,1978-07-02
100711,Romain,Brotherhed,1135665276,Redwing,84,24841,Cosquín,M,1985-04-07
100712,Gene,Parmer,1787059925,North,5,40022,Huangpi,M,1971-12-15
100713,Sampson,Labrom,8562894060,Mcguire,8119,54720,Landskrona,M,1981-12-05
100714,Abigale,Shelmerdine,6322015183,Mitchell,12254,50808,Wuxia,F,1986-11-03
100715,Avrom,Macoun,2252512471,Loomis,89,72621,Jobabo,M,2001-03-09
100716,Town,Pleven,6906350011,Hanover,0938,95294,Nackawic,M,1971-10-17
100717,Felizio,Daysh,8337063399,Sunnyside,22729,20031,Alvaro Obregon,M,1988-06-22
100718,Lorraine,Tumbridge,4623669247,Morningstar,815,23648,Keleleng,F,1974-10-08
100719,Andrus,Nicely,9952881758,Sutherland,8,71510,Bugcaon,M,1982-09-04
100720,Arley,Knaggs,2899892235,Graedel,9495,81794,Iogach,M,1992-01-24
100721,Ellette,Nanelli,3347116723,Lindbergh,1,58870,Pokrov,F,1998-09-27
100722,Marcia,Coultas,6519951556,Ronald Regan,2,87294,Ashiya,F,1978-06-07
100723,Doralynne,Trembey,3577306784,Havey,080,50543,Narach,F,1990-01-06
100724,Carmelia,Fratczak,8195779046,Hoffman,4,40245,Caballococha,F,1992-04-17
100725,Fidelio,Bofield,3995614111,Weeping Birch,3907,42565,Chumikan,M,1973-09-14
100726,Winna,Bartolomeotti,9933630051,Sunnyside,4640,77446,San Bernardo,F,1983-02-11
100727,Boyce,Burtwistle,1985571860,Grasskamp,6352,87089,Zgornje Pirniče,M,1981-11-25
100728,Leone,Blaney,8063543465,Mcbride,2574,34427,Nanuque,F,1983-09-08
100729,Deloris,McCormack,2666378352,Melody,03017,80363,Balbalan,F,1983-03-04
100730,Conrade,Snufflebottom,1972167459,Bultman,14,35881,Winong,M,1985-04-08
100731,Austina,Asif,9035231773,Dakota,25,24445,Majiao,F,1980-01-17
100732,Windy,Mewes,5296744372,Debs,39,46382,Albuera,F,1975-07-30
100733,Georg,Lillistone,1176961706,Farragut,643,28883,Yingzhou,M,1995-04-04
100734,Riccardo,Webb,5816455480,Toban,10,77327,Falun,M,1999-01-23
100735,Dino,Tideswell,7473699173,Lunder,5006,75940,Duwayr Raslān,M,1991-03-05
100736,Gayle,Timlin,2433309786,Eliot,3359,36004,Guri i Zi,M,1976-12-25
100737,Nancee,Barnsdall,4559323773,Aberg,70,60157,Dangcalan,F,1990-09-27
100738,Emmit,Gabitis,7176487288,Packers,82571,99953,Bertioga,M,1998-04-07
100739,Tommy,Mc-Kerley,5345885755,Chive,55,44192,Šmartno pri Litiji,M,1998-11-18
100740,Yovonnda,Coning,6939442142,Paget,104,83631,Manuel Cavazos Lerma,F,1977-04-16
100741,Eadith,Caldera,2059939760,Elka,5970,73706,Chibuto,F,1996-05-25
100742,Bengt,Sicely,8148841757,Ridgeview,51690,90994,Calais,M,1983-09-24
100743,Sacha,Spitell,3292928568,Marcy,0,46052,Vodnyy,F,1980-04-20
100744,Enos,Clem,1871882562,Montana,758,33057,Ramada,M,1997-10-13
100745,Eberhard,Emmatt,4275119335,Elmside,5,40700,Hobart,M,1982-10-24
100746,Patricia,Sutterfield,9113517644,Cardinal,7,66389,Reims,F,1982-08-12
100747,Gay,Blondelle,7064052222,Sauthoff,26,43530,Flen,F,1999-04-06
100748,Glyn,Gumbrell,6371738279,Carey,14,21574,Nanlang,M,1993-05-28
100749,Lucretia,Flinders,7913647501,Fallview,125,58530,Seongnam-si,F,1986-07-09
100750,Grethel,Stopforth,7427338157,Messerschmidt,5,18603,Hongyanxi,F,1975-08-28
100751,Vivian,Clingoe,7699846839,Golf Course,57216,60004,Staraya Toropa,F,1998-09-12
100752,Ellswerth,Kuhne,2806685939,Rieder,653,85965,Raydah,M,2001-11-06
100753,Karen,Varnam,8786828687,Jackson,49846,26327,Camlachie,F,1993-03-19
100754,Rhona,Pursey,1626078284,Grasskamp,9,34849,Tokorozawa,F,1994-09-19
100755,Arnoldo,Upham,1195997079,Ridgeview,39965,36153,Sukacai Tengah,M,1994-11-28
100756,Clerkclaude,Westcott,3669327495,Hollow Ridge,70020,64322,Bugana,M,1987-03-02
100757,Bernard,Toft,8904261186,Mitchell,366,19835,Kristiansand S,M,2000-11-30
100758,Nadia,Sturr,2559689424,Shelley,9,57305,Masipi West,F,1984-11-07
100759,Monah,Grass,4704022070,Beilfuss,9283,82628,Leopoldina,F,1990-07-23
100760,Elvis,Hugnin,1672942036,Stoughton,838,99849,Tyoply Stan,M,2000-03-21
100761,Galvan,Catterick,3597620815,Bluestem,8099,95494,Baicun,M,1981-04-09
100762,Emylee,Seedhouse,1544031784,Bay,98096,61420,Kedungtaman,F,1995-11-19
100763,Carlie,Oolahan,8998725405,Fordem,2680,35388,Quma,M,1985-01-10
100764,Clarinda,Cosley,7393527503,La Follette,3,98239,Bali,F,1976-06-28
100765,Gerick,Cranfield,1926075256,Monica,9047,60428,Sutukoba,M,1993-09-21
100766,Regan,Dunderdale,7184996278,Columbus,43,93911,Sabang,M,1986-06-25
100767,Timmy,Olliver,1054904214,Annamark,2045,83230,Rancho Nuevo,M,1993-08-06
100768,Bekki,Bignell,3733822902,South,14212,21755,Tsurugi-asahimachi,F,1990-03-14
100769,Lilia,Parr,3998613062,Welch,51,17011,Banyupoh,F,1982-12-01
100770,Margeaux,Ramsby,2885811072,Lighthouse Bay,0947,16507,Pamiątkowo,F,1978-01-06
100771,Hollyanne,Lambersen,6769423354,Hoard,74,67242,Kelaniya,F,1994-03-09
100772,Bo,Leyden,6269594082,Johnson,7,58261,Nyandoma,M,1987-07-22
100773,Fowler,Budden,3178683570,Park Meadow,713,62417,San Salvador de Jujuy,M,1992-01-25
100774,Nikolaos,Bayne,1569307803,Almo,523,56972,Londrina,M,1972-09-15
100775,David,Scotchmoor,6533450228,Dahle,374,82794,Dokri,M,1981-08-19
100776,Jaquenette,Saxon,5433566678,Surrey,7,32262,Yutou,F,1998-01-21
100777,Currey,Boater,9253186484,Farwell,1,65987,Марино,M,1991-05-29
100778,Miof mela,Delaprelle,4937471634,Oak,60219,81790,Lingyuan,F,1991-06-14
100779,Timothee,Tanser,3592430716,Dorton,32,77191,Tamanan,M,1984-08-17
100780,Hazel,Fazan,4095378587,Emmet,13,89617,La Luz,M,1972-04-07
100781,Jocelyn,O'Sherrin,1284449419,Pond,6,45164,Gampengrejo,F,1981-07-23
100782,Bobbee,Sandry,6723931575,Bunker Hill,33,10702,Aş Şūrah aş Şaghīrah,F,2001-09-12
100783,Jermaine,Costelloe,1322427255,Debs,8184,14757,Uberaba,M,1980-10-11
100784,Anissa,Dunkerly,2613584647,Butterfield,713,16434,Gudong,F,1990-03-01
100785,Freemon,Hamblington,2168628702,Vera,12,43967,Wasogolo,M,1984-12-27
100786,Orrin,Kort,2985499030,Heath,2,96496,Dabachang,M,1984-01-14
100787,Margeaux,Toplis,5617363072,Jay,642,46748,Bhimbar,F,1976-08-08
100788,Andonis,Hare,5202057718,Manley,633,57530,Chanuman,M,1979-10-16
100789,Somerset,Toffanini,7894426609,Algoma,03342,46380,Tajinan,M,1991-03-18
100790,Melany,Aymer,6181044286,Grasskamp,393,51549,Quimistán,F,1987-12-19
100791,Justis,Hartington,8505344332,Forster,8608,10226,Tecpán Guatemala,M,1986-08-04
100792,Yuma,Davys,2492925830,Sachs,040,12134,Zhongcheng,M,1994-02-19
100793,Ardelle,Rulten,4744354483,Chinook,0510,78747,Sumbergedong,F,1972-07-06
100794,Rancell,Orchart,9693649442,Bluestem,785,74037,Rikitea,M,1987-05-18
100795,Bernhard,McGillecole,8551434519,Drewry,4610,76281,Ngerengere,M,1979-08-01
100796,Albertine,Gauge,9785069120,Vernon,7057,98599,Jiji,F,1995-07-05
100797,Miles,Bracknell,1097758350,Pennsylvania,3976,91326,Nao,M,1999-10-18
100798,Keith,Mattessen,1518129567,Katie,6704,40420,Padangbai,M,1990-01-16
100799,Wandis,Baugham,2449812719,Linden,346,96581,Mqabba,F,1992-12-24
100800,Olympia,Corgenvin,5465703800,Jay,3,22777,Luba,F,1974-08-07
100801,Jarred,Rozenbaum,3702468860,John Wall,39,89925,Velikiy Ustyug,M,1994-07-03
100802,Joye,Ivan,3125831250,Saint Paul,4727,47328,Dos Quebradas,F,1977-02-15
100803,Gwendolin,McTrusty,1187431566,Luster,0909,54347,Ranot,F,2001-04-22
100804,Jorie,Plenderleith,7723641276,Stuart,5248,26186,Fuzihe,F,1997-01-25
100805,Katuscha,Deners,6442972668,Ronald Regan,05,13140,Pellegrini,F,1975-12-02
100806,Tiffie,Corfield,6159429196,Dapin,06415,36556,Murfreesboro,F,1976-03-07
100807,Gerick,Boutcher,1902054037,Kropf,6,30631,Biting,M,1984-10-09
100808,Samson,Lurriman,6276812863,Miller,67,80227,Behābād,M,1984-03-18
100809,Lorilyn,Nettleship,6394388582,Hoard,08148,49943,Zhujiapu,F,1983-03-29
100810,Reba,Lynn,8725610364,Sugar,84509,75568,Nanyo,F,1991-09-20
100811,Jacenta,Showell,1364310512,La Follette,09460,35506,Qīr Moāv,F,1987-11-04
100812,Alejandrina,Shillam,8531725701,Lakewood Gardens,2797,24110,Tsenher,F,1976-03-25
100813,Yolande,Saunders,8755515690,Sheridan,473,25309,Wielka Nieszawka,F,1983-03-14
100814,Stu,Loan,2496631452,Holy Cross,9352,11213,Ratchasan,M,2002-03-16
100815,Teri,Arrighi,6608473524,Westerfield,73006,53439,Dubti,F,1982-01-03
100816,Jo,Simonson,9019263886,Old Shore,96002,25674,Memphis,M,1990-04-05
100817,Mario,Churchward,4703757560,Badeau,50340,18933,Umeå,M,1985-06-13
100818,Aldric,Waulker,4546126246,Autumn Leaf,298,10996,Musan-ŭp,M,1975-06-20
100819,Letitia,Chettle,4144646904,Stang,4227,72050,Mata,F,1991-08-12
100820,Bord,Conyer,1818278144,Laurel,48706,67697,Subottsi,M,1976-11-25
100821,Osgood,Crace,6302321921,Main,96701,10027,Moret-sur-Loing,M,1976-03-21
100822,Humbert,Vigars,2988280761,Packers,0,36763,Tāngāil,M,1992-06-23
100823,Frances,Seakings,2807475639,Vermont,82,18711,Kashira,F,1980-07-04
100824,Cass,Leslie,2993870091,Hanson,076,45985,Gustavsberg,M,1975-11-22
100825,Ivory,Eickhoff,2496252543,8th,8624,87975,Soubré,F,1980-06-03
100826,Sib,Mouland,4247391948,Golf View,0946,43146,Monrovia,F,1990-09-03
100827,Yolande,Penvarne,6907430934,Susan,25,79109,Caramanta,F,1971-06-12
100828,Nari,Wildman,1624104072,Sage,755,45080,Seynod,F,1974-11-25
100829,Karoly,Van Hault,4873865524,Rowland,54770,11054,Nizhniy Lomov,F,1996-12-07
100830,Percival,Fedorchenko,6066862721,Monument,620,69963,Paris 15,M,1992-10-30
100831,Ynes,Castella,9289151535,Village,44,25342,Penaraga,F,1979-02-07
100832,Gusta,Runciman,4267132640,Elmside,94463,21204,Nanterre,F,2000-11-27
100833,Frank,Gilpin,2949242373,Carioca,71806,24161,Şurmān,M,1999-03-30
100834,Max,Streetfield,7994903345,Porter,49,26393,Butiama,M,1984-08-18
100835,Kippy,Wein,1797081740,Badeau,17,99368,Shirochanka,F,1980-03-30
100836,Huntley,Pantone,3629589257,Eagle Crest,100,96281,Köln,M,1994-06-15
100837,Jerry,Sayers,3114781186,Jana,4,90110,Ugbokpo,F,1978-12-09
100838,Amandie,Larrington,2324579011,Nevada,669,95885,Älvängen,F,1974-09-24
100839,Madge,Kristoffersson,3503753741,Division,20720,10854,La Francia,F,1979-10-20
100840,Karoly,McMillam,6394685834,Fordem,2160,52083,Horodnytsya,M,2001-07-15
100841,Gabriel,Trayling,1712317904,Crowley,21668,57471,Huangduobu,F,1971-08-04
100842,Leia,Nacey,4044257458,Mendota,0464,40778,Priozërsk,F,1995-10-16
100843,Gustie,Cleever,3415904263,Haas,64,76153,Outeiro Seco,F,1992-07-03
100844,Johnath,Lympany,1029075133,Gale,8,65708,Kamenka,F,1993-06-29
100845,Silvio,Sandars,8594259304,Gerald,39,73943,Lomme,M,1976-10-04
100846,Isaiah,Giriardelli,3959423062,Montana,65,24135,Santa Lucia,M,1991-03-27
100847,Terry,Alster,1794136009,Summerview,26615,94952,Caburan,F,1990-04-01
100848,Akim,Iannini,8029124239,Sunbrook,6754,69480,Verkhniy Lomov,M,1996-09-06
100849,Husain,Crosseland,7902237659,Colorado,6,19693,Rimpeso,M,1971-03-08
100850,Aidan,Hurche,4612805545,Nobel,8031,94957,Yufa,F,1986-01-07
100851,Pearla,Flood,9216085718,Dryden,9,15545,Barat,F,1973-05-17
100852,Kin,Pile,5043483117,Luster,63874,25594,Skatepark,M,1972-11-22
100853,Kahlil,Dunster,2967874076,Northland,81819,54340,Peruíbe,M,1973-07-27
100854,Ulrike,Dunderdale,1763427778,Gina,3265,67291,Tlogosadang,F,1998-07-10
100855,Gabi,Chadbourne,8028533172,Dahle,78806,26003,Faaone,F,1994-08-06
100856,Brent,Grishunin,2724260537,Pearson,5,37973,Vatutino,M,1982-11-15
100857,Claudius,Corbyn,4143891947,Atwood,0,56323,Gramoteino,M,1996-12-27
100858,Aurore,Le Galle,7241079994,Mayer,10,53584,Muravlenko,F,1978-02-26
100859,Lucian,Audus,8887681820,Mallory,843,20669,Londiani,M,1978-09-01
100860,Claudianus,Shute,1229601357,Chinook,66,82385,Santai,M,1976-02-24
100861,Stormie,Cree,9911606242,Harbort,54912,12877,Natividade,F,1982-05-07
100862,Delilah,Nield,9928119508,Mccormick,0996,34201,Cilongkrangpusaka,F,1991-10-06
100863,Anitra,Blemings,8581851952,Saint Paul,7998,57300,Debesy,F,1990-10-05
100864,Sarena,Knaggs,3252074818,Buhler,9511,38283,San Angelo,F,1979-11-20
100865,Rosabelle,Glason,6199711367,Huxley,61,48812,Södertälje,F,1977-01-17
100866,Richard,Choppin,3189657383,Arkansas,02,73795,Sobreiro,M,1998-04-28
100867,Moselle,Hagwood,3329751648,Quincy,25,12821,Zhuli,F,1984-10-25
100868,Helaine,Balden,9752228164,Longview,575,99925,Shangping,F,1999-04-07
100869,Jill,Hinkensen,9481704444,Everett,046,79789,Kulase,F,1992-07-27
100870,Brewster,Joselevitz,6676059613,Ridge Oak,3,18246,Kaiaf,M,2001-06-13
100871,Gaby,Gaunt,5548868024,Debra,5285,59327,Ocoyo,F,1999-09-22
100872,Benedikta,Salsberg,4916753796,Rusk,8,36874,Osveya,F,1980-11-08
100873,Tye,Kaesmans,6003030698,Graedel,6,38948,Hanušovice,M,1988-01-10
100874,Courtney,Karim,3539697833,Hoard,783,85893,Kallíthiron,F,1982-07-15
100875,Mariejeanne,Woolley,9754613198,Warrior,54533,65170,Yushan,F,1983-06-21
100876,Griselda,Lembke,9692521690,Sloan,52,19452,Stockholm,F,1990-02-28
100877,Albertine,MacFarland,6055321577,Lotheville,04,33582,Sioux Falls,F,1973-03-16
100878,Raddy,Wallege,5565126593,Havey,1720,29977,Tozeur,M,1981-05-20
100879,Artur,Bodle,8411010750,Kingsford,78695,56283,Riberalta,M,1978-08-15
100880,Lyman,Langcaster,6959444694,Monument,02357,43456,Lanpelan,M,1991-10-16
100881,Kathi,Bance,1671615414,Mockingbird,336,39008,Nelas,F,1977-12-27
100882,Darby,Dundin,3102595587,Maryland,36568,57984,Capão da Canoa,M,1985-01-12
100883,Neils,Bessom,8011913196,Roth,7,46434,Kameda-honchō,M,1971-02-25
100884,Meredith,Cansdall,9172664086,Independence,329,74158,Damascus,M,1999-11-21
100885,Berni,Strange,1729587719,7th,08,12807,Milltown,F,1984-01-25
100886,Sherm,Dimbleby,2488648075,Mallard,9815,63013,Haarlem,M,1994-08-09
100887,Decca,Bugbee,6551135545,Mitchell,38,68608,Hetou,M,1999-04-13
100888,Leonid,O'Meara,3413628454,Bultman,2849,18789,Zhaodong,M,1973-10-23
100889,Darrelle,Gormley,7798659758,Cottonwood,4976,86802,Freiburg im Breisgau,F,1999-12-11
100890,Skip,Tailour,3263804789,Becker,2712,35947,Bronnitsy,M,1999-09-28
100891,Kinsley,Todari,2483983660,Talmadge,6668,81854,Yujiawu,M,2001-04-12
100892,Melantha,Inchboard,7236069746,Hallows,4863,77189,Korczew,F,2001-02-28
100893,Kalinda,Venediktov,6493031871,Emmet,640,81860,Podedwórze,F,1980-03-17
100894,Ivonne,Chaplain,2352943291,East,466,72551,Chengxi,F,1992-03-14
100895,Chevy,Wisniewski,1258159316,Oak,09556,69396,Maple Creek,M,1998-11-13
100896,Hedi,Knox,9315917405,Hoffman,5123,10256,Yelan’,F,1992-03-24
100897,Wilfred,Carrivick,4722338487,Doe Crossing,9253,82620,Erfurt,M,1993-07-12
100898,Vladimir,Cammocke,3758345361,Melby,6591,81807,Al Baqāliţah,M,1980-11-12
100899,Randa,Dawe,3873372162,Brown,29710,91378,Bara Datu,F,1971-01-07
100900,Wini,Spight,5096533216,Judy,46610,55229,Wenquan,F,1994-01-12
100901,Lesly,Petrovsky,9856222515,Dwight,3419,83580,Grigoropolisskaya,F,1990-06-12
100902,Cleve,Swyndley,7678883238,Riverside,2121,84103,Angoulême,M,1983-06-24
100903,Nissie,Prose,5782496658,Cordelia,8,29355,Limenária,F,1998-05-09
100904,Dee,Callery,1644174810,Clarendon,7,66957,Beijiang,F,1970-12-26
100905,Sonya,Rylstone,5958260753,Transport,567,10501,Huasahuasi,F,1982-04-05
100906,Brod,Mattsson,9488871878,Twin Pines,14249,40711,Sułów,M,1996-03-29
100907,Ignacius,Bachanski,3018386972,Hanson,87,65206,St. Catharines,M,1990-03-24
100908,Alisander,Cumpton,4978573963,Surrey,3,66901,Phichai,M,2000-02-10
100909,Gery,Hlavecek,3857402802,Sugar,04,57991,Eldoret,M,1987-09-04
100910,Em,Coare,3586565585,Eastlawn,15722,91710,Banjar Lalangpasek,M,1999-01-16
100911,Idell,Rosenbloom,6721496299,Grasskamp,531,50014,Dongzha,F,1985-05-09
100912,Claudelle,Kett,7105348944,Derek,577,74656,Jacutinga,F,1972-08-08
100913,Hermy,Bullivent,5956442690,Bartillon,2326,56979,Xinqiao,M,1972-11-26
100914,Aidan,Troppmann,2523866060,Graedel,456,66988,Distracción,F,1972-11-13
100915,Alvinia,McLaggan,9823713819,Gateway,1974,65335,Pucallpa,F,2000-10-25
100916,Englebert,Markie,7096544444,Huxley,6275,21938,Pindi Bhattiān,M,1972-03-20
100917,Keely,Gooder,8431859920,South,4,65103,Beaufort,F,1990-07-07
100918,Gregg,Wheatcroft,4109274835,Vera,5213,16978,Baltimore,M,1993-11-17
100919,Catharine,Ingman,8036139770,Anzinger,1,28711,Khorostkiv,F,1979-05-01
100920,Mano,Grinley,7324585717,Chinook,2816,43523,Bellavista,M,1978-02-23
100921,Gardie,O'Fihillie,3414458964,Reindahl,14077,95538,Thị Trấn Thanh Lưu,M,1998-03-24
100922,Reyna,Hitzke,8432039783,Rigney,7,97468,Usogorsk,F,1993-10-04
100923,Ninon,Pavelin,7608771494,Grasskamp,0966,42278,Skulsk,F,1982-01-03
100924,Heath,Arnley,3979410006,Independence,33,96935,Sobreira,F,1993-03-22
100925,Pete,Pirson,9867935722,Riverside,739,45215,Vila Nova Sintra,M,1981-12-27
100926,Chrysa,Blanking,8995934117,Erie,2236,22448,Koutsopódi,F,1987-11-26
100927,Didi,Clews,1448157521,Dovetail,7377,20028,Dali,F,1999-09-12
100928,Lyndsie,Wildber,3554055714,Northridge,39416,77620,Karabash,F,1972-10-25
100929,Padraig,Ferrea,8405097514,Novick,7672,73626,Sawahan,M,1970-06-12
100930,Dianna,Irvin,1726609981,Troy,6424,32596,Tawali,F,1987-09-28
100931,Staford,Waith,6902819187,Roxbury,0788,11047,Yancheng,M,2000-03-09
100932,Veriee,Lautie,5164882533,Northland,743,52691,Stavanger,F,1971-03-03
100933,Kym,Buttrey,9808887756,Hanover,39,46394,Chixi,F,1981-08-26
100934,Hermy,Redmain,4717943057,Heath,7982,69953,Kalepasan,M,1995-10-16
100935,Shep,Lyster,7991259476,Moose,1018,64701,Adassil,M,1982-08-12
100936,Vinnie,Bilson,8974598960,School,2,27941,Sundsvall,F,1985-02-13
100937,Dasi,Ticehurst,2878907457,Spenser,5763,10896,Yongyang,F,1994-11-08
100938,Perkin,Steers,2625409238,Schlimgen,49,50206,Rantepang,M,1997-05-20
100939,Wileen,Illingsworth,1796307498,Montana,59,64986,Bom Despacho,F,1981-04-21
100940,Gale,Souch,2122183724,Buhler,40,14889,Jamaica,M,1999-10-13
100941,Rebecca,Shoppee,3664451751,Vernon,492,61586,Urus-Martan,F,1980-05-14
100942,Orsola,Walcher,1529836940,Oak Valley,866,27399,Zomba,F,1973-02-01
100943,Archibold,Pontin,5929521898,Bayside,97417,27621,Celeirós,M,1975-03-28
100944,Claudina,Diddams,9963403241,Holy Cross,79,65223,Auna,F,1977-10-17
100945,Evangeline,Hobson,3292704749,Morningstar,15,17275,Želiv,F,1987-03-19
100946,Lory,Abramovitz,6485796473,Amoth,19,77829,Novozavidovskiy,F,1986-03-07
100947,Marcille,Aberkirdo,3587699299,Glacier Hill,75761,15121,Kasese,F,2000-10-31
100948,Gunter,Lyte,2443082010,Arizona,47,54512,Longbo,M,1998-09-08
100949,Isobel,Alishoner,2673261948,Prairie Rose,735,90629,Noshiro,F,1985-07-15
100950,Willetta,Hamberston,3477743792,Dexter,71,45118,Kalianget,F,1989-02-21
100951,Marcel,Jewess,3134432946,Ohio,846,32461,Detroit,M,1996-04-20
100952,Loutitia,Cloonan,7824244821,Hoard,32213,63334,Camplong,F,1987-04-12
100953,Ambrose,Letson,4943225671,Pearson,6,56816,Nice,M,1997-07-03
100954,Bear,Leaver,2459831007,East,7,66905,Xindian,M,1984-07-17
100955,Trip,Dickin,3147395991,Loftsgordon,21,98406,Ushibuka,M,1973-05-24
100956,Francklyn,Brankley,8229348037,Lyons,173,35193,Huzhen,M,2000-10-17
100957,Edvard,Donan,8246632989,Anderson,364,25886,Avignon,M,1989-12-02
100958,Zia,Allicock,5812333762,Russell,43073,35439,Chernyanka,F,1994-02-07
100959,Giffy,Carlyon,3354411934,Corben,5,33030,Valtimo,M,1975-01-17
100960,Benedetto,Sher,9277087505,Barby,891,79169,Ponong,M,1973-12-14
100961,Midge,Muneely,6695083292,Toban,6,21826,Jining,F,1977-11-15
100962,Becka,Jamson,7849361836,Kenwood,652,75268,Wringinsari,F,1986-07-15
100963,Kelcy,Brimmicombe,8641670744,Forest Run,720,94821,Helsingborg,F,1970-12-21
100964,Danny,Laneham,3117978577,Thompson,17,85965,Ipiales,F,1984-07-05
100965,Martyn,Seamon,9292345768,Forest Run,410,29723,Buriti Bravo,M,1985-04-06
100966,Reece,Grewes,8657148480,Calypso,6,78634,Kukoboy,M,1996-11-21
100967,Lucas,Ballham,3301986141,Pleasure,4069,82235,Xiangying,M,2000-02-23
100968,Juan,Sedgeworth,5686848940,Hazelcrest,0,54682,Gurbuki,M,1988-10-09
100969,Ertha,Kelly,7969796765,Londonderry,4,60403,Chengbei,F,1979-10-06
100970,Case,Shellshear,4248707055,Commercial,73,61097,Loimaan Kunta,M,1978-01-08
100971,Anet,Starrs,9185902551,Vera,9,58793,Tulsa,F,1974-05-10
100972,Helenelizabeth,Bradmore,4407595811,Monterey,43,28587,Tānk,F,1993-04-28
100973,Lyon,Twinborne,9744463053,Charing Cross,0975,13803,Yirshi,M,1989-07-24
100974,Diane,Ferrillio,3078658354,Rusk,094,45793,Augusto Corrêa,F,1975-03-08
100975,Zia,Kembery,9797078291,Coleman,4,56452,Postřelmov,F,1987-04-17
100976,Remy,Bunten,4885324039,Debs,7029,16041,Paradahan,F,1974-03-30
100977,Gaynor,Spatarul,2599838542,John Wall,84411,21458,Shatalovo,F,1978-10-25
100978,Jonathon,Torbett,1328625499,Westridge,19,82936,Pasiripis,M,1975-01-06
100979,Jaquelyn,Yurkevich,1657194271,Roth,34020,95719,Paris 03,F,1983-10-22
100980,Olly,O'Henery,7253967960,Kim,42,94645,Dipayal,M,1993-08-16
100981,Isaac,Logsdale,2426550571,Petterle,4,44798,Strasbourg,M,1996-01-25
100982,Travis,Lowndsbrough,1187125616,Shopko,91,85589,Yanagawa,M,2001-01-11
100983,Bendick,Giacomuzzi,9598809932,Linden,366,78457,Kamphaeng Phet,M,1976-02-21
100984,Stanton,Ritzman,2106651168,Red Cloud,430,66055,San Antonio,M,2001-05-17
100985,Patsy,Stork,5536867812,Laurel,3,23599,Hennenman,M,2000-11-04
100986,Ursulina,Gaddes,3971387818,Dwight,7,72969,Changchi,F,1975-09-24
100987,Tamara,Chomley,2243980153,Butterfield,5787,36075,Szczecin,F,1970-09-16
100988,Sallyanne,O'Doghesty,1897576785,Hanson,777,28515,Skwierzyna,F,1974-02-21
100989,Sheela,Tolputt,5681554677,Fairfield,204,44289,Chenchang,F,1973-01-07
100990,Thurston,Spondley,8362667787,1st,117,70389,Wupu,M,1973-10-30
100991,Nannie,Treble,6724669219,Morning,82098,67035,Starobelokurikha,F,1983-07-05
100992,Rozamond,FitzGibbon,2451614908,Cascade,4235,24937,Tomelilla,F,1993-09-03
100993,Brodie,Harrinson,6329817622,Gina,8,19303,Gaoyao,M,1982-08-28
100994,Gisele,Bownass,8251030488,Onsgard,3,56324,Gobernador Ingeniero Valentín Virasoro,F,1986-01-18
100995,Al,Cornwall,4134064605,Bashford,74290,88147,Liuli,M,1993-08-26
100996,Codi,Kerner,8533111024,Amoth,88,15184,Qingsong,M,1996-12-31
100997,Cleopatra,Minichillo,6548002647,Menomonie,737,39438,Triandría,F,1990-01-07
100998,Garwood,Lambert,3128474018,Comanche,093,46509,La Cañada,M,1985-01-03
100999,Papageno,Rooney,5929261931,Eastlawn,745,13061,Gort,M,1975-04-02
101000,Olivette,Tomaschke,7231096072,Reindahl,6356,49513,Naranjito,F,1975-03-18
